"drink","travel","restaurant"
0.716143770422787,6.20373602939085,3.94787022433775
2.27675367251504,7.54656710452356,7.66711422024359
3.72969454822596,6.73413609064368,9.80816880005944
2.46235567943659,7.07004339133862,8.22417066717123
4.29573735494632,5.83627717628575,9.66634404001539
1.16654002191499,6.46887820176742,4.67267284219395
0.292935217940249,5.83497217542115,1.85677066645073
1.63308787907008,6.31861220013085,3.72590266191318
0.796265857177787,6.84139819034735,3.44467882914718
3.07558430072386,4.92135075129663,8.36894558354773
1.36255027281586,9.09741508541541,6.2231717115441
4.60364256359171,8.44157915374241,12.6622640856036
1.80278298214544,6.87770500435865,6.52317852687552
3.47626480674371,7.3276159830861,11.2156102401302
4.04469443475828,4.44926181051444,11.4000117077048
1.23302525007166,8.30807479796571,5.5353717593267
3.67629068214446,8.87523462896136,9.47763783384071
1.59923161033075,6.77873000286073,7.75865877843669
3.29644126836211,6.01772285062104,8.31487130529255
4.85764317368157,8.40776795960707,11.709307887783
3.35870210647117,7.54904390453663,10.7432507933835
4.43034912867006,6.35895861739903,11.7747977281877
1.48727108677849,8.35515949760541,5.30933687309445
1.20797405289486,7.36832261358678,3.718941651392
3.87983517108951,7.95096671936183,11.0292073317109
1.99799715324771,7.1409060491551,5.8744444949381
1.93861063253135,6.3249850300694,6.49811931600094
4.7517385201063,6.21428438962693,11.0689114371444
1.46657422247808,7.84567562592528,6.73848993537886
0.14404127409216,7.92639613361759,0.68943074423541
4.83070735598449,5.90002926534221,14.5703850996182
1.47497275979258,7.92120305079337,4.94733358380703
2.55635389606468,8.44073835557638,9.49458618681892
2.48262912917417,7.53027302766179,7.66629180952562
3.02089517938439,7.3502085368845,8.92808537747793
1.55454798298888,6.51016559120098,6.62621444887569
0.322681928635575,4.6684328063117,3.95598531412463
1.45089517207816,6.6055970484461,6.29185808273639
1.3198625955265,7.17686493729728,3.754131207555
4.65583544506226,8.65373837257074,12.6639153874138
2.08886358432937,7.08908180352853,6.06320470546161
3.17259657080285,8.15594066585986,10.7517800952426
0.56143310922198,7.93447725534517,3.31760781637829
4.01786845319439,6.14093438293584,11.0490224264974
0.600339849269949,6.99117335007804,2.69909236040331
1.6441847066395,6.07829531415286,5.33401587688554
0.817321892501786,6.4155645830186,3.51834822477588
1.54109113430604,8.05474585102433,5.19871575142658
0.729714475665242,6.5586009056696,4.32490984223597
2.72969326926395,6.89764303133692,9.21318357997058
1.89050625206437,6.78287230223426,5.59745908874817
2.00308478726074,8.38937845141366,7.62176933195611
1.57306150246877,7.81695847182531,5.12338473382716
0.679339242214337,9.07597284674779,3.51202722067201
1.76690819351934,8.31015705983496,5.86622114206565
2.19258582289331,5.7749395461825,5.32495650597887
4.89644921482541,7.08777506286836,13.5647110150829
3.7549694221234,5.66037737300528,10.941402204268
4.91172076123767,5.21995920562652,12.2464756603711
2.2693825093098,6.75573215665957,5.63720733367075
2.64658854976296,6.99343822093041,6.34847763116249
2.82419842127711,6.213127363187,8.49680774572188
4.04306086157449,5.11339989604679,8.51249892812494
3.48910372136161,6.26352209198193,9.32648489640954
4.19245204911567,8.73738167620169,10.0243788038078
4.16025912228506,5.84589258814285,11.564994607499
1.42840011159424,8.45035492837108,3.86879506074452
3.33618547897786,6.83481994458209,9.86030760422756
0.757198094716296,7.27928010863975,5.0006951848331
4.74692009266,8.67311140139348,12.4418368916931
4.62017242247239,9.29462345526358,10.7822044159904
2.94138314898592,6.49891485688839,8.75159679061898
4.85265088903252,6.95027610868111,12.3808313149019
4.80695615753066,8.20435314366416,12.8748334247651
4.0797146694269,6.95908786277415,9.25145844840517
4.17157798600383,10.0834495252993,10.7772951491014
3.15588587829843,6.05162324193095,10.419251959515
2.95777552959044,6.49304397121434,8.34923618266651
3.70759248556569,5.0534098379286,9.85102492056951
0.169018652406521,7.50511095462388,2.99843815073149
3.09355103080161,8.89433781256066,10.5509089928394
0.264750080113299,5.927196814577,1.56109150971564
1.13819904921111,6.81400006598977,3.64816189265794
4.41531573433895,6.31862700961569,11.7359782464683
1.68705594993662,7.07016612666065,4.68398701378903
2.5968798001064,8.52436024938845,8.15522576590221
4.39831439603586,5.62682452732228,12.4600706745026
0.694002943276428,5.26404901738253,3.42584995204376
2.85507968056481,5.77719150982769,7.69407116832366
0.838069418282248,7.64122788177083,2.39945656256863
2.03734123674221,8.45077866909487,5.884481010089
2.37721905650105,8.73917015137992,6.45375652209448
2.21747018150054,5.87062283011649,4.06203074863249
3.68342304525431,6.88524833242443,10.912640417866
2.429202995589,6.84646219787938,5.08937550671264
4.89749664657284,8.33593145129782,14.3294415078284
1.93438942893408,7.92086979644217,5.42197255718027
1.56296961151529,8.52731891976883,5.94572708475636
0.874163281358779,6.6854346906739,4.20664825618124
4.90011946826708,7.01082613527232,12.7950916619732
4.72427317551337,7.53448284260967,11.1620839560278
3.18081448783632,8.75305683975591,10.298867458255
4.58589871390723,5.89975486618227,12.8024021298513
4.86873285484035,6.37086923105006,12.1814331009821
4.81374382269569,9.01037809906898,12.2399960997401
1.333874997776,7.37099370151068,4.7235174866849
3.46297258334234,7.43762110661314,10.3946706983923
4.37589746348094,7.9054998651691,13.1700498200469
1.63803841813933,6.90650536064342,4.27176811459145
0.557237668754533,5.69908930366236,2.80252903661813
1.66297532180324,5.9740353797698,4.48050893106668
1.52055959464051,8.46936316478447,4.94842417302241
4.0126029061852,6.60711863586083,11.3589270607193
1.54098403968383,7.20139869988234,6.2241169387945
3.56414619099814,6.11669024418349,9.07374636084134
3.71971945955884,5.91088681917248,9.9415012893302
1.09702194218989,6.55987926208955,3.5264978541854
0.298448608722538,8.1605032133202,1.3896030512857
4.83334103876259,7.43574658725568,12.9838494557336
0.927436570287682,5.89792714968688,4.72102780007659
1.68845666924026,6.8864948471527,5.75702130887444
3.92544185251463,6.75299838477307,10.2170704429615
4.62925313510932,8.28018462534731,12.2656389016369
2.17628637985326,7.09926306888164,6.947498811671
4.89020135807805,7.67597969704764,12.7713345655681
1.40321643315256,7.15978692357332,4.8820764226221
1.89813152584247,7.63048451858751,7.50868603842745
4.67802981210407,5.28595576858983,9.65954866472486
3.84619786157273,7.32163526097949,10.0627247758337
0.97014521334786,5.68904452389957,4.29417589014403
4.57672828095965,6.12181145816939,12.0707130624956
3.36158507850487,6.6549883022401,9.46202109137207
3.47239996420685,7.65566598719069,9.7995877048067
3.34218773376197,7.00089498877378,10.8427385310703
0.184564458299428,8.43995594120866,3.16127597583626
0.398277331260033,7.05670913483466,3.36051728574531
0.24626943138428,8.24703015351805,1.78147523036609
1.70959825157188,8.31458357708133,6.50192366407803
1.10888433356304,7.18234324729558,5.07784630604228
4.22026798538864,6.2824299749915,10.9944709377591
2.24378882381134,7.34095319514731,6.48194499005182
4.62363695192616,6.17579507120847,11.5899456548512
1.49601446806919,7.02457024462076,5.62948946224823
3.44667941965163,9.8356382663726,10.1717017386541
0.218390979990363,7.60272254791439,2.01043319374377
0.910761623526923,6.73012303653806,3.42538422647616
0.551076689269394,6.00674963740851,5.29676422941737
3.34662830957677,6.47572086899363,8.02584369929896
1.96513519848231,6.80369756667306,7.54035243301276
3.61140491173137,6.8896745438212,9.6658450698534
1.81648943496402,7.79948787872624,4.73061954930119
2.73792603129987,5.0057487903606,7.4159676564076
0.610063677257858,6.85894965448602,3.10117097177143
4.50132977769244,8.11645693651312,11.779319989225
0.83911975924857,5.56807837980174,2.49696973820395
0.87145292526111,7.20276228445759,4.56395467065561
2.17875379449688,6.89336395956917,6.63794614465117
2.10695588199887,8.22876513525344,7.4638137213064
0.26537157939747,6.53485445476783,1.53695614844462
4.46364930649288,8.53430332018002,12.6196514319967
4.47191693009809,7.34947055065665,10.5430710913418
0.433902507764287,9.90113634140616,3.09652278606596
4.38154181132559,5.94731780159056,11.4166937667156
3.88046184764244,7.64984577595837,12.2707324431727
4.12127454637084,6.6710579586954,10.6950859166264
3.92325810382608,6.43755991002417,10.7731891299567
2.61135514464695,6.87257556301594,6.76354602151739
4.7344455514336,5.50492493584287,11.5857686499777
2.16990753067657,6.5627515651749,4.9745987885232
2.68949249268044,7.3693042138162,8.3429474724338
0.295537257543765,7.82526025979871,4.95295286072905
2.96525511424989,7.60233442332126,8.28032223036164
2.98143084247131,5.7779000215983,7.3289985209647
4.95338926613331,6.41852387354058,12.2525779751631
2.03411838351749,7.44861041115721,6.05877203680599
3.57174370626453,7.11151173088805,10.4252290014895
2.21949729442131,5.93142716009033,6.91391148616182
3.54588368919212,7.50069348605672,7.52349229530042
4.04464014531113,5.69411048692886,10.5523553832053
4.83620573633816,6.02050777274501,12.8503274421458
1.11035466191825,8.67682231729925,4.59536216598998
4.49361162909772,8.01110726395142,13.0551300035558
1.62145409982186,5.86218572767179,4.25554272538607
1.80766550367698,7.00983681658236,6.04119279093136
2.39984308094718,5.76001053849022,7.87720081104214
0.37195005712565,6.56795318935912,3.53717832513959
3.39829344961327,7.55396050189475,8.93152059357473
1.35416740877554,9.0192772436479,5.64811059451677
2.58564993110485,9.13660358022437,6.9350730997558
2.25931904884055,5.76225569825202,6.20263807300474
2.12832537824288,6.72559433269946,6.14953767881041
1.47484478952829,9.0733837082226,4.91877769442641
0.522813504515216,8.89525653497072,1.36681665863746
4.11837056977674,5.34655908599514,12.1985566067707
4.32790071498603,6.33257150896158,11.6074504355618
4.76529404721223,3.79873441480115,13.1759194565178
1.69259874094278,6.44721305806332,3.25243332709363
3.92913618059829,6.2335014373899,9.59093897777455
3.15016017614398,6.46903354740805,8.84204330805329
1.87714600199834,8.02345934197404,4.48733437361939
4.29728217071388,5.86011188362134,11.5674658125799
1.5154036818305,6.82965793643839,7.00012435527466
1.90557528147474,8.29701913824532,6.27489508474131
1.77216049958952,10.0405874871287,4.81548133210517
4.0793481979752,7.98793896513267,10.2413689269069
1.96390997124836,8.19275459138178,6.45421614172132
1.02567189994734,5.7784241708405,4.53417850720631
0.864942905679345,5.85514574620009,4.05610833133431
4.54105524837505,6.83055625557553,12.1369863434679
3.31645312341861,7.59987347085829,9.14328183261648
1.48862257525325,8.97083822817395,3.68227498317226
0.700255258544348,7.76768002871088,2.73290241517169
4.48575154598802,7.39919885599553,10.2527261310669
0.999487840384245,7.40610124963001,5.56994607926931
3.83287285412662,4.97576609880777,11.8041958023082
4.92141191242263,7.68278737586739,11.6207111631018
4.94277190179564,6.36682850819532,12.2442840458064
1.60288031273521,4.40034533859344,6.50470954379198
1.19970064964145,6.63102140918482,3.91577348625497
4.59615657750983,6.84830360247066,10.7014767739273
4.68061501474585,5.64538935622694,11.8525462665294
0.715001451363787,7.88045585881155,1.53144246205641
1.34763030493632,6.66724260010214,5.2250659763111
3.2584764649393,7.68035753977435,7.38523502242716
3.10723621095531,10.0768925145511,11.5864242938065
3.43529662156943,6.88712117864331,10.4355813831028
2.60389748523012,6.1578961310607,8.51032294732489
3.69678447612096,7.08995077480314,9.40880220003263
0.127147848415189,7.5228162253805,2.35031180106265
0.901970274350606,8.81185341598095,6.27019200454733
4.31114077111706,5.9499897457816,12.0801802380297
3.06027473823633,7.63835139781482,6.37549601521842
2.81450196960941,9.82513657171117,6.66707021449255
3.23780937278643,6.49528762152319,8.53543122402612
0.211804957920685,7.15493297620312,3.81241802031963
2.72859748629853,4.88132486212152,7.00887478610699
3.03817898458801,6.85793320768543,7.81915696257464
4.37417517509311,6.59125738512007,10.3196442046723
0.391184734320268,7.12240742607308,3.1143117145678
3.81583200406749,6.19693963590681,10.9628282617608
2.40648847732227,5.93584910210451,5.69275647106859
2.60931522089522,5.32350907093,7.81854822530842
3.01811470540706,8.3091705333674,8.40585155125047
4.25109788156115,6.23948783827977,12.7690357187242
3.40209632122424,4.96163196963143,9.98367869732377
1.66290787013713,5.92498202807536,6.06124954651365
3.50486170058139,6.62250930888001,8.52405289060122
1.27308148297016,7.60938749336811,6.67807833960154
0.279920260212384,4.61807198046185,1.85626126424091
2.20564505322836,4.94097810003858,5.78694219173005
0.745090861199424,6.25005361609786,4.58288780957386
2.37016330168117,4.73372097493511,6.1270325866497
3.8493252000073,5.886044480207,12.8642486539869
1.73510158814024,7.38913997501735,5.00289506561058
4.16389601326082,6.77082098075016,10.8051493323628
3.92511632232927,7.18002512239235,11.5821622302102
3.82088831320871,7.449414046165,10.4347107784014
0.837845436949283,7.93602638639935,5.80300140288441
4.07074319967069,6.12527745330094,9.83305550615408
3.78368012688588,7.39925644608224,10.9059209350268
2.76702719773166,7.10052691115835,8.19178393049313
0.221050075651146,6.17909719866276,2.54775387894987
1.46803758924361,5.84981461269497,6.173086128351
2.47558874643873,6.29164068204769,5.69898416453374
0.589971066848375,8.40030362922988,3.71327396617303
2.60537329318468,7.2323686647028,8.00013261849212
2.0151825834997,5.89978194123789,6.60266097108129
2.25122854418587,8.22245304937873,7.22702216713357
1.49221917411778,6.7734451290944,5.40745169617907
4.53060789080337,4.6529490376535,11.2606630137988
3.22036452805623,7.84271205768386,9.48605227683999
4.76813715382013,6.74629831964046,10.8344875355605
0.749972189380787,8.8545644715996,1.9890459558222
0.558545178966597,4.20998910456513,3.79003039934329
3.3393558407668,6.55417105258073,10.4833072118418
4.60087981075048,6.75327278153567,11.511660611764
2.51124176359735,6.05005668209952,7.25148070378567
2.25091613628902,6.47166446402849,6.86149848302027
4.13416417380795,5.76876261406831,11.4544046323852
0.455011497717351,8.20626657417229,3.62294175328483
4.40692770900205,8.32912217543601,11.53388838732
1.84382611336187,4.14687980621918,7.3719747933518
1.41027630423196,8.32548341710668,4.72514347918455
2.62619743638206,5.66797935630797,7.59653730964173
2.33066559659783,7.43296693140575,5.78206875749879
2.39224096341059,7.89590826723969,7.1807931063036
4.09682001059409,6.57556764795876,10.9457453500828
3.72851256681606,6.09511021537009,9.39865762881341
1.70883935843594,5.45144340740121,6.02786662552926
2.72625094456598,7.79804518773512,8.92308139955436
1.7695886656642,7.13034637969595,5.76498915717806
0.525439035776071,6.68713432209621,1.57300756462608
0.181383666675538,6.24420346651237,5.11288497152007
4.96140960727353,7.18681795219717,12.1777393886017
1.35950451914687,7.46844576270894,5.28083931088288
2.66289707070682,8.09320767435075,7.66024606126632
1.3593558911467,8.19978802414735,4.15144343526414
0.679541442054324,7.25180362197219,2.55050402401978
0.927805855125189,8.74271072280731,2.65494001149779
0.235882357391529,6.21757027921735,3.5636207137005
2.49330607887823,8.44043468277671,7.64760794898085
3.60160920550115,8.07672560344876,10.2055038427945
3.17686737030745,7.92942969515956,9.10821094454396
0.947937223175541,5.29857785468011,4.49940585939756
3.41018736779224,8.15083781588881,11.0157333177952
4.53621174688451,7.07768327520066,10.8366191930367
1.65343469132204,6.16261592862122,6.32734922994125
1.17028497839347,6.43874018909309,5.9367918060098
1.39909878976177,7.69411682659291,6.02320860281626
4.75308388439007,6.23727345020544,13.3874459311327
0.563675897940993,6.16543918674928,3.15439893480548
1.69984076106921,6.46229023127137,6.64233787392219
0.422058649826795,7.58538961156892,3.48713355828048
0.407422440312803,8.68956525232532,2.23655563668997
3.86745759013575,8.0264750934733,11.1192124110585
2.92087123114616,7.42852410291809,7.4108675239132
2.8351482397411,6.00919443640277,7.08136987320287
4.77026679445989,7.61254697816584,11.011796052391
1.54354782591108,6.26339295154133,5.64092304430157
1.75260393957142,6.37900142345696,5.26118595309891
2.00007697094698,5.35690269110108,7.23559452104606
3.01711944679264,6.12684365273483,8.99705191075917
3.74287856465671,6.07892328264502,8.46986380087169
2.44216824446339,6.87451488693524,7.2035307299422
3.95971006094478,5.98985981192907,11.2388428655919
1.87669395843986,5.80174792286437,5.19609773203641
4.22267678668723,8.32359546530093,11.7815571348988
1.57016419197898,8.59370436369789,4.82123461975604
0.150405908026733,7.07432342586729,4.66167648730866
3.76136626282241,7.77078834998872,10.031447552763
1.54936645536218,7.16495552352727,4.45563248882867
3.89672915465199,5.67150988157081,11.5965746935498
0.962968806945719,7.84310478239961,3.83944375179258
2.19090360985138,8.54682068669313,5.88931683513663
3.61056532713119,6.41061987313691,10.3652891135144
3.39327964358963,7.30429632556621,10.2374146526359
0.507154491217807,6.75907172397003,3.99928419618062
4.54112746431492,8.37311398179142,12.1773787491384
1.49422046572436,7.85446741627286,3.18269095540172
0.625941788963974,6.68788654680212,2.55592771730619
0.174799523619004,6.63038648130558,3.4994335462312
1.06540521068964,5.92400518516526,4.47278956002095
1.2540795216104,6.6797181051371,3.26350891349359
1.25725539037958,7.61888038574552,4.61234437530458
1.5134472218575,6.10422259984039,6.6629278440466
4.4880489139352,6.83249562252212,13.671010669321
4.83176172536332,7.70403398107375,13.1187006011652
1.03871093117632,6.54753802131048,2.72085339557821
2.90271672182716,7.87143639175146,7.43661443983287
2.13855682841968,6.82213150360312,7.17987640360389
0.681473453179933,7.78126914772619,4.12375597870629
4.58882183544338,6.5167113356364,11.4576324580358
4.45674280258827,7.35049843287331,11.7677458981904
3.56757149391342,7.45546257857754,11.1238130678404
1.28404043181799,5.9135252061182,4.30296355798469
3.16487989849411,7.345666563775,8.36430129863913
1.53871110233013,6.76460614919589,5.07135571253365
2.14529820848256,6.79088073731515,6.57405481811686
2.54450943346601,6.81382076922643,6.70442475155209
4.38909062854946,7.19410421157038,10.4845225839254
3.51563372926321,7.76185523499892,9.4577312055791
0.314177119266242,5.90817266149974,2.22038641250191
1.91115841935389,7.8877246629496,6.21363839213116
1.43240796334576,6.08148611747431,6.87761274821057
4.11922323673498,7.7556988537277,10.8710501665754
3.38919203588739,7.96148417660014,10.4798290811516
1.82265683412552,6.02741077546767,6.91455651481968
1.91004421019461,7.32448457796912,7.06701651006833
4.49790930864401,6.61401649320865,10.732845403472
2.48475323659368,6.65289852083655,7.25124220454963
4.25166262711864,7.21696076973763,11.9125746587384
2.13557903524488,6.73707840699857,7.55550686668324
0.463328976207413,9.22608509441619,2.05970646166535
3.21877426230349,7.47808141095798,8.7181210937013
2.87634798618965,6.86566346158981,9.07385186786376
4.74307833563071,9.18701428589914,12.1964283605934
4.64485036572441,6.78500541563711,11.9790019346694
1.98507793392055,6.21254219808232,5.99654117264157
1.82978738667443,7.27098180650467,5.78102860692898
3.29763500757981,9.93812647419023,10.1519393502142
2.01224715425633,4.39145771474599,5.55499625570691
0.69394106133841,5.54529139201445,4.21182557340609
1.7674815104343,8.25706608006559,6.05971019050863
4.81159302119631,8.55373316886708,13.454130233797
1.48510261662304,6.02350474215228,7.3212543070601
4.0460825862363,6.66103875561169,11.9053967813035
2.98361667895224,6.95992752212775,10.4850314950997
4.34801559404004,6.92496626949497,13.3118244320144
1.19330428012181,7.72591753749076,3.77983956576931
1.80713463625871,7.69788877381023,4.9052139417524
1.77594584629405,7.77080489795794,4.69107724452706
4.51010772506706,7.92151594033935,12.0966187796768
2.44097750345245,4.14474794630662,7.28040085349567
3.12795044956729,7.93448509731063,9.65682043372326
4.89263977864757,4.74444870628986,12.9312559335475
2.68553391168825,6.37822024449619,8.11938054447124
2.57952834244352,8.18136396973282,7.14400696308841
1.05790646967944,7.7735798839945,5.33934237687471
3.26579229594208,6.22604234606376,9.53478770373429
4.51934484872036,6.69872303733014,13.7409045439414
0.413419376360252,8.18171428898095,2.63704389833223
2.45693806584459,8.51552089952547,5.69758344441201
3.63708674085792,8.16022445504725,9.44961614084271
0.577938416576944,5.96961516973197,3.04001491812145
2.88135030707344,6.49351472505833,8.02418446605346
3.05300952193793,5.91087118576657,8.57446083936865
1.87175561413169,6.97739341296533,6.62030481879679
3.60654775858857,7.37446985327138,11.5522761815184
3.26935193631798,9.18480888985353,10.6718785373888
2.69844891550019,5.00497024058318,8.91518723115656
4.22227225580718,6.45754294396662,11.5256370343366
1.93645430123433,8.56088569116339,5.96759223840776
4.01619045909028,8.21462636419878,11.8150470445882
0.668406444392167,6.60684324774759,3.00816992327331
2.39306726029608,6.53898344658713,7.86015345352974
3.7084153073607,6.28420047221117,10.4481936431171
1.55333903711289,8.85771676833635,5.91205987310148
4.06044306682888,8.340953514573,12.0871803811573
2.7404129399918,7.47237703836896,7.64947988705378
4.53792950031348,7.46043089830727,13.0199692556113
0.96145377587527,8.73686514179446,3.32011591435291
0.59232387195807,6.74451602266495,3.44313339899669
4.88403902095743,6.87167635781097,12.9807918936077
1.76751391799189,5.50371079498617,5.47779828497844
0.87623229501769,7.2451371906065,3.49499629235984
0.893471090612002,8.10908633627911,4.90699391603964
0.233403035486117,9.54905010447782,3.34130787789337
1.18630717971828,6.25195322271362,4.56066028990102
0.852302672457881,8.48335938152517,3.64154446482133
0.559307779930532,7.64925898410478,3.93590903645452
4.76285174540244,7.26365932310911,11.2397943497812
3.75230528267566,7.63542166123381,9.75053553459818
4.87647482138127,6.11134662964782,15.2923368418484
1.06770724365488,8.498060169523,2.91590886204167
3.52778050077613,7.05222540949113,9.16763473302788
2.16526693408378,8.51379222757317,4.66286929374707
2.55943058899138,7.30112758254535,7.58545293964924
0.56537608767394,8.81127263849929,3.80350072940355
3.59621160277166,8.63437560881549,10.9791414444529
1.38173679616302,7.01344822422109,5.35702343433556
4.66188286233228,7.26705371340308,12.233512673727
2.10626442569774,10.1846381069035,7.23465574507109
4.46368500546087,7.71396223292906,9.28957369952411
2.76366907267366,6.96521352273568,9.28222981792226
0.287704899860546,5.91969051873475,1.84688440210489
1.42585665110964,6.25263080851977,4.09325482689573
2.42664161317516,6.03221807357023,6.09433490506349
3.01389076258056,7.34450957850085,10.6771860734521
0.627435920434073,6.99070045186939,3.85083399806634
4.0099083420122,7.25420983512555,10.9559996312909
0.835522832954302,7.54425663154906,2.29020850124043
0.758450334332883,6.98469375820971,4.07742978190793
2.71239507540595,8.05478726875307,8.10757406397458
3.58965170776937,8.38968774726425,11.2389629864248
4.89566888473928,8.54273854544849,13.7845587740098
4.63300414162222,6.17821883924786,12.4105660960627
4.11155044343323,8.32703886595583,11.6144805517368
3.41486703120172,6.23318840374481,12.1139979820861
4.29964762807358,7.74507644665522,11.9073301772043
4.42275977861136,5.62404279497608,11.5839536570964
4.12530862102285,9.10813802922079,11.2724570325474
2.03452548021451,8.87217901715181,8.93481513463803
3.4983976398129,7.2413734800759,9.10269711749267
1.90366223731544,8.11790687751044,4.130919408186
3.89758556138258,7.12141815580558,11.5853054125775
2.20163032317068,6.49059758463527,7.63578721787861
4.8303510017693,6.18555879342468,12.5840535378212
0.345247022574767,8.49816833759214,2.43631271302463
2.01339227757417,7.23714913831016,7.61835523744582
3.37766087676864,6.83258299620521,9.80778447614543
0.12758788659703,9.05284141003832,1.62376561730353
3.24223043858074,8.16224559900471,9.18430507496903
2.11922792333644,5.81147605909632,6.33192571920847
2.52618038812652,6.1909033038682,8.13004157494995
2.29806173176039,6.54779187264403,6.58256261903365
4.48124443462584,6.92951244779785,9.92000153177514
0.864723717141897,7.80521324938306,3.83581130484082
4.05661182634067,6.58340215099474,11.0693679490904
3.17474850062281,9.28872713575896,8.27352069729903
0.717355571896769,6.25229988648403,3.53416607131461
3.09268433570396,8.17347683788829,8.12509829039234
4.4564447753597,6.80955535438062,10.8036788327701
4.33787580479402,7.90702146115624,10.9301820653783
3.05035427100956,8.06328868439582,10.0449967892759
4.03891621378716,4.75700875458219,10.982925803363
1.29839904366527,6.91212439560885,7.10095674677024
1.98941354854032,6.98181042466173,4.0177233044331
4.32628106612246,6.5946147195531,10.1920647197038
0.991535034193657,8.14947281527085,3.53555945056313
2.29213891348336,8.91880191521286,7.66260345920906
1.76645617962349,5.45988615661438,5.43925954710079
3.87494895998389,6.54844360804311,10.2693881230417
1.78944146060385,6.70743677115949,6.67825608193709
3.38053641717415,6.70275290224682,8.50685897118589
4.74809348217677,6.84993300104678,11.4791706569505
3.55729209182318,8.63941189967641,9.34793304372421
0.86304450230673,7.9436821630619,3.95402944882143
4.83217265196145,6.01456167145568,13.5189575492227
2.95494557493366,6.98893222321287,9.58733302151215
0.231246092682704,6.59677931072957,2.07347678636179
4.83183894401882,7.41677081259397,12.797930027269
1.83768643962685,6.48646119904808,6.2030552346217
3.93552759303711,6.52899495949872,9.85096173662003
1.07898904734757,7.06900391712647,4.45514092766202
0.682990257162601,6.72406440548022,3.87850180594756
4.9286515914835,8.03461089891216,13.4172839127002
3.90747106208,6.08479744098199,12.3005460702724
3.45078235266265,6.95871974839117,10.1073317750206
0.583633170346729,6.42956093468416,6.41567221026338
0.128096922324039,7.88823944107548,1.94986200015884
0.949971168767661,6.49689713926713,3.34319578079252
0.57525937622413,7.97928434041567,4.61503735638969
4.77120011637453,4.22069295196957,11.0682101196578
4.01387948626652,6.62751750368848,11.4800685245668
2.18820395739749,7.39931276328814,6.2867285207947
2.52451897885185,6.89767549675236,7.80957954822136
2.16822668553796,8.11529845234847,6.76786595526261
3.32923500821926,5.8769240560194,10.6188457640068
0.771562430309132,5.58049387121539,2.52316142159892
0.464763504057191,8.26065609035166,3.16620783101616
1.63589260566514,6.71619444775019,3.9652566812296
0.667740889266133,7.37705910530596,3.9264810954048
2.36692932725418,7.88535832471951,6.17003619060817
3.07440629524644,8.27649956714107,8.84539297889934
1.8011462647235,7.0964434190767,5.97056519860814
2.49086590707302,6.56630814644988,5.77997353697228
3.67272527923342,6.16507591814214,8.04084602768118
4.97993642131332,5.4675103291916,12.6593322592628
1.37246721133124,5.82010309892452,4.62889820005051
3.78506270293146,7.69203352682197,10.2910140911226
2.71880088676699,7.40257289073775,7.45256932948774
0.415060621895827,5.41110010148547,1.34792121336541
1.80394206515048,7.3921746107998,4.74593494664159
1.12143647221383,8.85259790497912,4.25401949326783
2.15627894909121,6.54954297855,7.6425234369029
2.65277722273022,8.31279253764951,8.74511755902618
0.471647879644297,6.61710805635768,3.6907765070078
3.93932782695629,6.68590464771542,10.4930608759864
4.6465484859189,8.03203824290397,11.9332224595472
0.786086629191414,6.71744951470777,5.86206147322522
2.15403709930833,5.2680586709847,6.32561139487842
4.75611421349458,7.18948415546966,13.2194749998061
2.15797937156167,6.36879664393815,8.76099764330016
1.47170784268528,4.78143403257977,4.33175879919328
0.313720634300262,7.46451116506731,1.97414290580074
2.87598280163948,8.48999219540372,8.58667367538658
4.41658166325651,5.98748602232869,13.5189858455036
4.47509686492849,6.78531277178712,11.5408698148611
0.891582220350392,7.68449125279628,4.27902086486112
0.718585185776465,6.09918617862747,4.11995750566353
1.2718520128401,4.89902126047523,3.03930868904625
3.1740076640388,6.01884238013947,8.72087092515292
2.38002266504336,7.52481269051048,8.68487402383081
1.26540219469462,6.85056751501214,5.59634703631068
1.83528969048057,5.91801305349542,6.45176918018892
4.45135826282203,7.56620814880181,11.3793580699709
1.20299441022798,4.28035270482405,5.11922581609149
4.02041399462614,4.55371939937319,11.6478922273141
2.40104532763362,7.49628033675997,8.2595839367629
0.226202870463021,8.09195760467072,1.65463257168173
0.163018406694755,6.95511030791813,2.34230545571879
4.48745587479789,7.24951389600138,11.6158909322201
0.345643487502821,7.03372938480225,3.38122519529034
2.96623331571464,7.65866900249842,7.98985575016358
1.84370008942205,8.56535790698516,6.85874148561244
4.87743112954777,7.86398867026667,11.9821445497557
4.05291174484883,5.64080926832075,10.0884677194575
2.78436111793853,5.96344140769236,8.34286685656065
0.737466076854616,7.94189091525898,4.03446764349072
3.81985872581135,7.36191850657965,9.60851992143995
3.37020842086058,6.61238623300353,9.21859755968856
1.37012573506217,7.77930594897994,5.55256332757727
1.69158957740292,6.03452672444032,5.15058482476843
1.16750937935431,7.6244432574647,3.16334130338169
3.48511128618848,8.08215559768814,8.66896884907678
4.15030440841801,8.26980530756364,10.3681847581568
1.28620748957619,6.7140888251829,5.05489713250778
3.92971595712006,7.15408436445952,10.0807170549854
1.80741484423634,6.91156576166382,6.07989465464397
2.43328830671962,5.56540640445369,8.20680164900902
4.16833479562774,6.61000304380296,12.0293642269055
3.54836515821517,6.34459385039694,9.10823296111918
1.56795370585751,6.85957788686188,5.49324242565112
0.774665780807845,6.86128223029533,4.27256761477289
3.52274167889264,7.10089627921141,10.166959071512
3.32952929909807,7.26288067308819,9.09827529673217
1.73126449841075,6.05738333710118,6.3552491716132
2.3735575980274,8.52625955677234,4.90169406568593
3.94003667354118,7.83545889967501,9.37815925840286
1.70292118235957,8.09007566081778,4.48060877456298
4.17272462211549,7.35632453022809,10.7728608811374
0.357597046950832,6.02695502343368,0.358230859338672
1.82178069604561,8.88454656735863,6.50237798895273
1.65262623878662,7.26580464511275,6.9475002282474
3.04018465599511,6.70093677709836,7.88103457254109
4.08657030535396,5.39923249357988,11.1839146849322
2.42871602999512,5.59893787129537,5.60096988802846
3.90338529688306,10.2973475045238,9.46003853144145
1.22561597495805,6.27166103038852,4.3466813793424
3.23384206413757,5.04413399252117,9.5614241847587
3.80702330681961,5.92121146406071,9.58229887178147
0.523505931696855,7.10245687196891,1.40168673273753
0.184017693996429,5.92270072650801,4.21726875534682
4.63565908679739,6.4697071288658,11.2970853687747
3.74235086885747,6.8659878573033,11.1286775675286
0.774827985162847,5.68012222078543,4.69541823254661
0.212891551177017,9.80659582814697,3.41351775399997
1.16582060744986,8.43903015847481,6.01888711164391
3.72046454588417,6.01668360561164,9.19197046772074
0.489495239336975,6.93368196943585,1.0029730805684
4.48139050821774,8.82270045032256,10.9796905473719
4.86582873335574,3.78927133441566,12.1767697620148
1.98702477978077,7.09770835154098,5.64142586084423
2.29852904016152,7.04541434782587,7.67948965170475
0.591643887106329,7.35477641226111,3.55753681682948
2.00126274004579,6.36589116648674,8.03602278899008
3.19304758671206,6.94887253440217,8.06704745396182
2.72294598633889,5.52999821582484,9.51042598276859
0.32024528097827,7.35257401837239,2.52384615215748
0.35284493828658,6.62708133015268,4.5252508662164
0.882573401927948,8.0114615761265,3.68472941747148
0.12584971501492,7.35532673209241,2.90486994187032
2.86285772712436,6.33487436433846,6.21260665128208
0.58040123465471,6.47825826736513,3.55862904366577
3.25128212748095,6.67134998524181,10.1962405566295
3.45600279879291,8.69182806350137,9.69369263604623
4.17633529931773,6.21672891433551,9.44615503608302
1.93615245209076,6.35726014514593,6.69597224818465
4.93607391016558,7.60470819995471,12.6543375031878
0.913168107718229,5.02357442861546,4.24458483037847
4.59245171805378,9.42847240666748,12.1623789382663
1.74711341068614,5.02309646403609,5.15027783005639
1.2081401624484,6.92735474668383,4.99776545931724
0.365642061689869,6.06604496163416,1.65670646920507
2.37864035938401,7.16382365422863,5.50285883610085
0.232910633645952,7.24235968140307,2.35074496365946
1.19819156136364,8.38783885768012,5.64111004865856
3.16893892511725,7.23424000706786,10.2200321981786
1.28878767353017,7.59640774750693,7.37148922540051
1.70725764008239,7.26316278417014,5.80101288151947
4.98973527292255,7.89903493786313,13.4742028204833
3.31263573537581,8.60616678172617,8.89167581498115
4.25545585951768,7.53044359752075,10.7081111465423
4.71320103523321,5.07391732064716,12.7196073903609
4.27929851012304,6.33981166854744,13.5352186324391
4.9138692593202,7.79714604454728,15.212490279815
1.2401860950049,4.95180395887958,2.73754972068535
0.700651154178195,6.38513744113209,3.35791231582175
2.78435345585458,8.6480937685315,7.32880345174493
1.61467444698792,8.4485552825444,4.35399539792618
1.37833809491713,7.92822350314503,2.21068845589985
2.59628431266174,5.80312694197379,8.01150700186069
0.546941587142646,6.41417931263149,3.19548007954279
4.74951640167274,5.04356144272777,12.8159956494209
3.76084225773811,7.94728088396626,9.67067395203493
4.93436986315064,5.06833755790626,11.8955921043866
0.969651336362585,5.53956311064217,4.1907768383562
0.322201772895642,5.4217018907737,2.90225752830522
2.09215889649931,8.99437532206075,6.69856465468091
3.26682088279631,6.3990796526528,11.1652405930662
2.86112226282712,6.72498588942042,6.99860173132816
1.2161384596955,7.41495583794605,4.25166259123731
3.56997567126527,8.48236523003692,8.73445244416212
4.40642099608667,9.17267758279903,12.8359591485149
2.49247278731782,7.47167788679315,7.97349552171987
3.15554128189106,8.40737560402341,10.479766592251
3.52701651821844,6.65605134127835,9.42513178129281
1.96778169665486,7.07309265555219,6.50039256030681
4.74968082958367,8.23179313709235,11.6778765059894
1.74271893743426,8.21151545701079,4.75223998713569
4.0709110798547,8.06845153149922,8.48559798392578
4.44792770391796,5.01160747248106,12.9947775173388
3.53216010392644,6.44427634345977,9.8214219267221
3.78970905293245,7.69479510843145,10.6289292021126
4.74043725316878,6.91813476544501,12.9195551488428
3.29369637470227,5.54472439800411,9.71109393949474
1.25035307917278,8.66878697503902,3.18945671772238
4.0452460260829,7.78082981328533,10.8421428870879
2.06270962206181,6.7755887017755,6.99736493887953
4.65288776059169,5.25657422032386,13.2274521507301
1.99407333228737,7.35030449768361,5.88349528700067
2.3490103836637,7.3497028511452,7.73326092192556
3.37145011199173,6.99269579155832,9.06404849017011
0.928984609013423,6.72961046570675,5.47775208818731
4.13958604854997,6.79423434169558,13.8815964474474
2.07294810456224,5.91018186549235,5.22748482535841
3.71699352259748,6.2781179047334,9.14153956710794
1.43499858055729,8.51666221123797,4.18771840307809
2.82663826451171,8.06912307557597,7.67569401932363
1.5495956447674,5.61981686984305,6.26815275019729
4.86716560842469,6.75516154765516,13.9648293407465
3.27170783204492,6.53320913194135,9.10011961767363
2.12493011900224,6.59153919244921,6.89479889305666
4.06327958377078,8.06287371996064,11.5024180449551
4.08306501375046,5.62480203152353,9.41264198396363
4.11082609128207,6.64828703691059,11.388320009815
3.89616190374363,8.53344556420314,10.5572274355154
1.30828064030502,7.85112954106444,5.25053894669858
4.35470549575984,7.14653093363581,11.3521323505302
2.18860428531189,6.6896151131271,7.04959473024741
3.73826526110061,7.92619016382972,10.6751755496453
4.01654121733736,6.27369200799644,10.0600226905894
0.335793788451701,9.33499996550886,3.74333441798552
1.39479551082477,6.41281191546419,4.78911874269665
2.43976077912375,6.71814476275649,8.53668930392777
1.13737065654714,5.76463579989008,3.97215603554133
0.737853174097836,5.75574162208525,3.28420496118883
3.58423657328822,5.86510811401359,8.56499105526538
1.04735253201798,7.3345294779345,3.35257811088145
0.726083577680402,6.88738717330127,4.51909609250943
0.646950345835648,4.64220394239039,2.16587362512684
0.672533371043392,7.96611790868527,3.45777263837204
2.59982462441549,4.5303636117758,7.93554107498654
2.52731777862646,9.11178247751367,6.15205070954404
3.51910859728232,9.25332807435736,9.85301467483654
4.60258891980629,6.36295519078663,12.1647256732524
1.41748648723587,6.8999368901943,5.91792221361202
4.68675875226036,4.4653216557773,12.8032643273861
3.57187543911859,6.68036880923402,6.86890390540637
2.29016352761537,6.91296441462662,8.30665790638678
3.62557738376781,5.59071939321451,10.7356593449748
3.57228596298955,7.18990405338002,9.76253154803392
2.17241227345075,5.44543462286201,6.8752931677095
4.72625309634022,7.44111068363119,12.1625153923832
3.98938994973432,7.63489767331086,11.845188476785
0.8398532634601,7.4909645486293,2.69365443132635
4.26114849240985,6.86879134139894,11.3190304179257
2.86152431117371,7.79888308408841,7.97046079818325
2.80406838119961,6.85760970271858,9.45245512996197
4.77196507209446,7.02849162267751,12.8500313174442
3.36289166575298,8.34730117667984,10.3843612906531
0.930860776826739,7.46515836576297,5.04662722998482
2.53909639704507,10.0664926311075,7.43364719610695
2.99791149676312,10.0487527647185,8.55760274232113
4.02168148083147,5.36287845952131,8.49750328210961
4.50972323813476,4.5209048817795,12.0771415224422
2.14061089782044,8.92816288589366,6.77717964656577
1.56187317711301,7.36772892074872,5.57215639408604
1.71327253228519,7.51211628455017,5.04197495228241
4.96793282672297,7.12887485720349,12.3286218653984
2.34199817585759,6.99632406367486,8.14642197692799
4.81047864775173,6.74253166067901,12.2994917071037
1.4548764301464,7.17089615653849,4.37259933056676
1.83842271615285,6.7553421925378,7.17468256195056
2.25734206005,8.22486917255742,7.30279635913549
0.975285568111576,7.20735067601084,4.35504649005762
0.64959534262307,5.26320711578134,2.72062151994595
2.45329527200665,7.75976867868907,8.22218245705699
2.42758910355624,7.86558300805141,6.43089500774866
3.39907844814006,8.7124297763216,8.89042633787851
3.88011674811132,5.70770284334779,10.5379871479467
3.19374483977445,5.48368917886697,7.98030866052158
0.539650652208365,6.78041086789051,2.78099194526849
1.75779481662903,8.31846813530339,5.65852488480798
1.83069712223951,5.33378636764002,6.13150132610312
0.717721883626655,8.75234538832748,4.22300605099334
2.41623107604682,6.23196704115413,7.38828890407554
3.8463791412767,8.33260260932666,8.49735299539478
2.5423058826942,6.75530216215219,8.15265686623287
3.33883314768318,5.64664873787994,8.97676049016077
2.97356594260782,9.27701937024146,8.9345751344526
1.48101460961625,7.87387017228873,4.89836200537653
4.82659393609501,7.16365009349846,12.6181768140389
4.83206211077049,6.25108032310518,11.3308157006762
3.03581510391086,7.50224824878421,7.87562697916605
1.13336884228047,7.08284001371348,4.95693409109538
3.57229162855074,5.16618306725518,10.8196724526568
2.10406289198436,8.68180548589641,6.61078389934809
0.825018834602088,6.87240977963858,2.61920882441958
3.81145429932512,9.07029280527029,10.0931674454599
2.44312585892621,8.79990894594888,9.20700462680946
2.58889888401609,7.05724573388618,4.94947316298518
2.99353327292483,4.75696139317563,8.58696714864539
2.21469040687662,6.2379497401205,6.96552774130229
3.36273386287503,6.72369065738524,10.5931339606828
1.70536012887023,4.60359261243484,4.51061116687755
1.35774691968691,8.70169487767815,3.28154972305767
4.51993740298785,7.84598506975973,12.0393656034379
2.76562966031488,5.8105086163943,9.05182035133156
0.49016310244333,6.95456648043742,5.20697728806711
2.7400139275007,6.68757881072778,9.10414060608018
4.25005628764629,5.42532857923494,10.5019750106491
0.732119893142954,8.75640771493863,2.27509066498287
2.10780333974399,6.44592739873859,5.46374248632841
3.59939081771299,7.14010641248494,9.41712427092606
1.36184369884431,8.50756648191413,4.21809174803216
2.00888110015076,7.70840915071097,6.01658136516111
1.18746407567523,6.95071488043658,3.64977337538895
2.2273661428364,7.92888325398195,8.40450206217419
3.74340269980021,6.13715415641885,10.5777101872522
4.64819857433904,6.87815919793851,13.1015317739562
4.71291242132429,6.19842646138882,11.0668451045999
3.70737001018133,7.97087441136616,8.3997531649551
1.03644053682219,6.37985534293972,4.12635976733052
3.19906469334383,5.53734823799117,8.2980381247893
0.960863501066342,6.68175001545978,4.2444349379992
2.2456320284633,6.89043920504516,7.37384461956304
2.61617446881719,7.16421649023893,7.12069087175743
1.82765706721693,6.11300368664252,8.02969294726891
2.79415943219792,6.97978568601188,9.16892749883971
4.94925249833614,8.54402563337432,13.4440262694565
2.13120425113011,5.68426127578855,5.94425057941468
2.85213138801046,7.54426449355324,8.54739553562225
3.74634453160688,8.43391703239618,11.2745095749592
3.00728234180715,7.29801327212129,8.76573260123664
1.18573392326944,6.84585286219608,4.61100380426492
0.195166897773743,5.2507679441834,3.84834198036573
3.39946315526031,6.98776029358609,9.56778237427412
0.21302937741857,7.88170977865133,3.79751821185897
4.42435606929939,7.97491632976653,11.2231147161426
3.33001827604603,6.66175665008097,9.60037623196449
3.28029366601259,6.14910349890283,9.25739616273998
4.12479752146173,6.95810007555521,11.2106253393549
4.65771833031904,7.34628700971903,13.2580428802191
4.13303121102508,8.24829957299029,13.8082522160971
1.23802560409531,6.695833199699,3.16372131900112
1.1520691473037,7.12125743845407,5.495324437097
4.00935935187154,6.54983932925532,11.3141389665931
3.2607866870705,8.71761644770262,9.47225853612994
1.39074129182845,4.65286249234723,6.4372995805061
3.8319642058108,6.84114035350685,10.756994334301
3.72622587056831,8.11766588047843,10.3739994550014
4.76993825808167,5.64739586166457,14.3323829323005
4.47356489079539,6.07206126317084,14.4043526116373
1.68755735552404,6.16837581437436,7.17867461249952
1.44700838490389,6.20455607008084,6.24799563760085
1.30833736208733,7.24211727483524,4.73021423040229
2.71833412940614,8.45735945350067,8.81213236379532
3.90222568223253,7.19882486497326,10.1216845240108
4.07009489564225,5.3073718431959,12.1538346573301
4.50599549510516,5.94720328373512,13.056694716447
1.4903910654597,7.3602159265896,6.55402065335741
4.60408347453922,7.26370056570105,14.3004761685809
3.17893969819415,6.98666046524565,9.76893861509714
0.138532943069004,6.9867154805378,2.08651788967612
4.31165736396797,7.69599140294519,10.6249736345623
1.59142919364385,6.40592276765457,6.54050923947609
3.35600410713814,7.70308463995477,10.2672751000009
1.51961976862513,5.38299248594913,5.3402557243605
0.911607104144059,6.4861166161857,2.57904828143347
3.42796453202609,5.76806583588,9.87461193232137
3.51985271158628,6.62832576388248,10.8110729590421
0.932675357046537,4.81818449722852,4.23191917977631
2.662832199689,8.26357061058891,8.2770556209593
4.30035868566483,6.52529072585746,10.3980367342397
3.17969069879036,7.34021745056351,8.06585890378667
2.29464777365793,8.14723465431591,7.29331280316054
1.04348918288015,7.79293850949498,3.87198042810014
4.83667332653422,8.00593252627893,13.9404707410288
4.19714633733965,5.5189020824861,10.362566096861
0.669043887336738,9.92703331845055,4.01130484209612
3.83385175152216,6.12762633099804,8.81115828602508
1.03670869036578,7.78033987871991,3.10686293887171
1.82177536361851,9.12116190033158,5.03684429318997
4.78970127566718,5.38782922531146,14.8334259187494
1.19000478095841,7.95286481740315,4.35958461184357
4.54054753833916,8.94226903340688,13.0844791186179
0.541302292211913,8.33232631298544,4.88705206255998
3.57713371422142,6.32365869291455,10.0187581528937
4.58507812593598,8.10718754142615,14.2093275898421
3.57847374379635,5.95706447388278,7.22057989554939
2.68372584127355,8.42851513485285,7.31957080275595
1.58338053610642,7.6257081332836,5.19070135663378
0.133663303102367,6.04980020978932,1.57782444929151
0.335398012609221,6.34836083627045,3.44662793325995
0.339786515687592,7.10023121773022,3.21486452109555
1.72912205264438,8.23109012883799,5.27011052892926
0.59347072141245,5.50996081033892,4.38868316062606
0.827517523919232,6.84138865875703,3.32211046829236
4.85023141033016,8.61519631607091,11.7041185251232
1.16835550456308,8.40549457685989,3.96243305267574
3.90919028038625,6.45826417697419,9.8088306615467
1.82863973861095,7.41092928147061,5.59843852663802
2.10097858945373,7.19441302565228,4.91597534793074
2.50938526666723,7.66388089943687,7.45360498536624
4.2986077591544,5.29532384966192,9.79969326799411
0.368699176143855,5.38561374968418,2.32565629770993
1.71657814879436,7.41748145323528,6.21118028735048
2.67296006912366,9.458608350136,8.7376935814291
2.70851196753793,6.75265799447445,7.11635785369144
0.480469247396104,7.19785131115739,4.06686235152345
0.542944628419355,7.76608308637234,3.83524365309173
1.43767907780129,6.46002840412464,4.30984760539936
3.18210054284427,7.38556386161449,9.7294191041402
4.1419190823799,7.40015504054433,11.9795548345738
3.56624168995768,8.88428663925693,10.4282040012268
0.702494038245641,6.19431510126343,2.76158768924158
1.62980031340849,7.88914408114845,6.1572662609915
4.04358419468626,7.55517535593286,12.0031992347921
0.716423015506007,8.22349049333489,1.6325645293053
1.61469669623766,9.66605941682246,5.55907485695495
4.80422949269414,7.81836953427063,12.9730886393306
4.77885626323987,5.8661936972061,12.7470327424512
0.754607882513665,4.98243002738942,2.03361780300486
3.87773118976038,4.50203156389628,9.56837935891743
0.337971333088353,5.40591899015163,2.25699007678043
2.36440939493477,5.21056743841334,8.36064496202299
1.00558241894469,6.92912472623898,4.47097501251571
2.0446142554516,7.73686926716504,7.59747442835289
3.40569951774087,8.10680035665891,9.9986317490343
1.10056989777368,7.51863095668133,6.51106499081015
3.01290400230791,6.09250194686041,7.89138831155146
0.15322589490097,7.07658445373446,2.88740382479343
3.79589645382948,8.74453465603567,8.62772013352834
0.317094479408115,7.03684795851405,2.87859004894183
1.9632224566536,9.0362763046856,6.04956412912787
0.976191009441391,4.7703746308502,4.01012708102515
4.36671759781893,9.86970484581099,11.1814328227485
2.25796943253372,7.66505468471667,5.67237805481681
0.718436698103324,7.10426746937088,4.35278805570027
2.33300905455835,6.17437016518823,6.81873628137306
3.00213690218516,6.77408417845599,7.42792495011548
3.11490626274608,6.52557629955462,7.32159953068509
3.91269967113622,5.97918994735775,12.1444182699317
2.64998121238314,9.06404999221189,8.68736721944954
0.335443212743849,6.74781674050921,3.34746654790172
1.78481250088662,5.86416507692803,4.93057914478253
1.19229599277023,8.30680163984125,4.87133587505666
0.565219633304514,9.05232813171086,3.68517238857794
1.03439266805071,6.33303173748874,4.35561179607276
0.728985834983177,8.4835742597068,3.85597426001381
0.766590053844266,5.51552227293349,4.31735938694537
1.92984680912923,5.37617546625684,7.69679916678086
4.54502764986828,7.1786092525955,10.536335598765
3.28027106651571,6.67410030911209,9.12033843901918
2.59047095060814,7.80285501420132,7.7267224453456
2.62973946286365,6.20661494313754,6.96401275631459
3.0304250377696,7.00157679685674,9.32716087023251
0.476980926236138,5.84542380452119,2.69436215302975
4.72342261346057,7.15603973347181,13.8400289341885
4.86862176831346,7.37442425786505,12.4883018961922
4.50165461536963,6.56185931612885,11.7806268850832
1.09640254324768,6.36097781946476,2.55118432732233
2.17776164247189,7.18809228421972,6.80970705746364
3.48687300989404,5.34721491179887,8.56484860238892
1.25101907239296,7.10403763626894,3.93043803450575
3.34048028010875,5.87905498320522,9.75107523138329
2.29430673562456,7.98592750226977,6.28615268813789
3.65780405639671,6.57843319527239,8.42677245845255
1.9787338527618,6.72383543154264,6.91850447640743
2.86040833937004,5.52087217638306,7.99219571948185
4.05793521746527,7.30112150249662,10.7217608901654
4.57249540397897,8.98825295276265,12.0477237764845
2.34435923516285,7.41086244860906,7.5822901047958
2.84925654011313,6.31707171071978,7.44553722253025
2.36509367744438,6.31333722720561,6.53266328085676
3.59629022127483,8.56248186886144,11.340423431382
3.12628588008229,8.34407515021683,8.86752450936762
4.85755305748899,8.15528219039651,12.3603465419924
3.02737063060049,6.5037121464462,8.21810639942906
0.688597728661262,6.72248386378739,5.09638222448653
3.37245660361368,7.5179267226256,8.54659851832344
1.05797155518085,5.57322279515708,4.18519383610578
1.68650552344043,8.80787137054118,6.08475422506215
0.15498497064691,6.376555361521,1.83286441119493
1.85644555764738,5.3847233718016,6.41983623293176
0.839292346662842,5.65673746551884,3.29282570085408
1.56815876015462,6.37092736219009,5.65801290717301
1.42550128602888,7.21029447760125,3.99577341632787
3.44459188054316,4.98520011146417,10.1067085469767
1.66976993600838,8.30810961495212,3.9944537214612
3.01181340801995,7.58382506311831,8.23155279760655
4.4002980098594,7.96809398174403,10.4766456171451
4.84121063444763,8.91025317918246,14.0735022668503
2.70763511185069,8.18364413710799,6.54331214886156
1.93508186410181,7.3905125794109,6.84244133586948
1.49562080968171,7.57948698619701,4.31490881033117
2.5637634039158,6.20505234238132,9.15937980834128
1.70731457292568,9.5941994374875,5.85959876639056
0.287227558647282,6.88282728999015,3.43038729692137
4.98567300280556,7.06412185936009,10.3422934885702
0.74580372935161,8.53313209024885,3.0768734685291
2.96483069800306,6.119016824951,8.68124549913656
2.58006855815183,7.56922719374302,6.99501982160488
0.496931703668088,7.65306132804574,4.7132506532034
4.31768716392107,7.27662441738746,11.0020724317325
1.24275104834232,6.95798598131846,4.92220421033182
0.792057811236009,8.14212212849688,4.3739364524156
0.132291809469461,5.48872758361427,1.44583182798025
2.52256941772066,8.57845601358757,9.07868126658777
3.97919259560295,9.28130160586434,10.9069965584995
3.50228080472443,7.76310501380362,9.27469345777586
1.59778151644859,6.44221121285273,4.88947507258764
4.10551442459691,6.54017054789792,10.6538791216684
0.551548708323389,6.58435449840598,2.88966697520146
3.24524216009304,6.40378390566194,10.5874646546922
0.468501058570109,4.78626221335853,2.70169998496726
1.81201479961164,7.05646835087551,6.14658357326782
4.93069176052231,8.51768224352387,10.9544628683942
1.15927201048471,7.52705407466336,4.72666682347358
3.949333882262,6.34031964223796,11.4269411859635
3.96234800487291,6.35828134419112,9.77585260861787
0.232031692448072,7.2304831814304,1.17392766480133
3.05280380023178,6.93049946861778,9.28757518344356
4.74985864446498,7.10158732195493,12.7173000714668
3.5604021506384,8.75319071112735,11.3172007525831
0.17603055103682,5.45101104266155,3.12617194240949
1.96385378567502,6.48295405218521,6.71619554895958
1.45907931250986,8.20328125583428,6.53980196327621
0.659489722712897,8.98238026738748,4.05297925233852
