date,log
10/12/2007,9.590761139
11/12/2007,8.519590316
12/12/2007,8.183676583
13/12/2007,8.072467369
14/12/2007,7.893572074
15/12/2007,7.783640596
16/12/2007,8.414052432
17/12/2007,8.829226355
18/12/2007,8.382518288
19/12/2007,8.069655307
20/12/2007,7.879291485
21/12/2007,7.761744985
22/12/2007,7.529406458
23/12/2007,8.38526052
24/12/2007,8.620110725
25/12/2007,7.852439085
26/12/2007,7.853993087
27/12/2007,8.051978079
28/12/2007,7.926602599
29/12/2007,7.838343316
30/12/2007,9.703144581
31/12/2007,9.385972941
01/01/2008,8.293799609
02/01/2008,8.43468077
03/01/2008,8.262042844
04/01/2008,8.106816039
05/01/2008,7.950149888
06/01/2008,9.509259076
07/01/2008,8.846784667
08/01/2008,8.430545385
09/01/2008,8.248267447
10/01/2008,8.28172399
11/01/2008,8.292798858
12/01/2008,8.199189359
13/01/2008,9.996522419
14/01/2008,10.12707101
15/01/2008,8.933796044
16/01/2008,8.566173814
17/01/2008,8.547722396
18/01/2008,8.399760095
19/01/2008,8.223090551
20/01/2008,8.838986793
21/01/2008,10.89720218
22/01/2008,9.444938073
23/01/2008,8.923324744
24/01/2008,8.543445563
25/01/2008,8.495560891
26/01/2008,8.417372856
27/01/2008,8.572627898
28/01/2008,8.736489351
29/01/2008,8.634086943
30/01/2008,8.673512946
01/02/2008,8.824236617
02/02/2008,8.537975731
03/02/2008,9.698061122
04/02/2008,12.09745684
05/02/2008,10.63527836
06/02/2008,9.691716588
07/02/2008,9.315600883
08/02/2008,8.970813341
09/02/2008,8.589141691
10/02/2008,8.617400452
11/02/2008,8.616314282
12/02/2008,8.215547412
13/02/2008,8.064950892
14/02/2008,8.11342664
15/02/2008,7.799343398
16/02/2008,7.62754439
17/02/2008,7.555905094
18/02/2008,7.71154898
19/02/2008,7.788626066
20/02/2008,7.708410667
21/02/2008,7.768533301
22/02/2008,7.695303135
23/02/2008,7.378383713
24/02/2008,7.910590612
25/02/2008,7.626570206
26/02/2008,7.573531263
27/02/2008,7.567862605
29/02/2008,7.552237288
02/03/2008,7.336936914
05/03/2008,8.12474302
06/03/2008,7.887584032
07/03/2008,7.819636302
08/03/2008,7.383989458
09/03/2008,7.814399634
10/03/2008,7.542213463
11/03/2008,7.548555979
12/03/2008,7.688913337
13/03/2008,7.477038472
14/03/2008,7.358830898
15/03/2008,7.032624261
16/03/2008,7.118016204
17/03/2008,7.349873705
18/03/2008,7.326465614
19/03/2008,7.363913501
20/03/2008,7.277938573
21/03/2008,7.251344983
22/03/2008,7.002155954
23/03/2008,7.163946684
24/03/2008,7.759187439
25/03/2008,7.518607217
26/03/2008,7.41397029
27/03/2008,7.442492723
28/03/2008,7.228388452
29/03/2008,6.991176887
30/03/2008,7.211556733
31/03/2008,7.311218384
01/04/2008,7.349230825
02/04/2008,7.514254653
03/04/2008,7.393263095
04/04/2008,7.286191715
05/04/2008,7.273092596
06/04/2008,7.168579897
07/04/2008,7.611347717
08/04/2008,7.617759577
09/04/2008,7.425953657
10/04/2008,8.182000136
11/04/2008,7.399398083
12/04/2008,7.106606138
13/04/2008,7.080867897
14/04/2008,7.421177529
15/04/2008,7.491645474
16/04/2008,7.385851078
17/04/2008,7.68294317
18/04/2008,7.688913337
19/04/2008,7.259116128
20/04/2008,8.144969417
21/04/2008,8.713910628
22/04/2008,8.091015042
23/04/2008,7.840312983
24/04/2008,7.648739789
25/04/2008,8.020927719
26/04/2008,7.830028083
27/04/2008,7.72753511
28/04/2008,7.835974582
29/04/2008,7.626570206
30/04/2008,7.644440762
01/05/2008,7.548555979
02/05/2008,7.440733707
03/05/2008,7.073269717
04/05/2008,7.026426809
05/05/2008,7.392031568
06/05/2008,7.29301768
07/05/2008,7.361375429
08/05/2008,7.512617545
09/05/2008,7.460490306
10/05/2008,7.114769448
11/05/2008,7.125283092
12/05/2008,7.455876687
13/05/2008,7.317212408
14/05/2008,7.410347098
15/05/2008,7.402451521
16/05/2008,7.294377299
17/05/2008,6.989335266
18/05/2008,6.993015123
19/05/2008,7.431299675
20/05/2008,7.362010551
21/05/2008,7.454719949
22/05/2008,7.368339686
23/05/2008,7.143617603
24/05/2008,6.835184586
25/05/2008,6.89060912
26/05/2008,6.974478911
27/05/2008,7.26612878
28/05/2008,7.270312886
29/05/2008,7.265429723
30/05/2008,7.157735484
31/05/2008,6.865891075
03/06/2008,7.153833802
04/06/2008,7.216709487
05/06/2008,7.201916318
06/06/2008,7.212294469
07/06/2008,7.186144305
08/06/2008,6.820016365
09/06/2008,6.882437471
10/06/2008,7.183111702
11/06/2008,7.242797923
12/06/2008,7.192934221
13/06/2008,7.183870715
14/06/2008,6.970730078
15/06/2008,6.91770561
16/06/2008,7.222566019
17/06/2008,7.356918242
18/06/2008,7.242797923
19/06/2008,7.22329568
20/06/2008,7.163172391
21/06/2008,7.241366283
22/06/2008,6.986566459
23/06/2008,6.963189986
24/06/2008,7.250635512
25/06/2008,7.160845907
26/06/2008,7.132497552
27/06/2008,7.091742115
28/06/2008,7.012115294
29/06/2008,6.857514063
30/06/2008,6.827629235
02/07/2008,7.13009851
03/07/2008,7.277247727
04/07/2008,7.038783541
05/07/2008,6.89060912
06/07/2008,6.957497371
07/07/2008,7.295735073
08/07/2008,7.497207223
09/07/2008,7.310550159
10/07/2008,7.20489251
11/07/2008,7.222566019
12/07/2008,7.257707677
01/08/2008,7.425953657
02/08/2008,7.117205503
03/08/2008,7.249925537
04/08/2008,8.276903481
05/08/2008,7.60638739
06/08/2008,7.643961949
07/08/2008,8.012349639
08/08/2008,7.930206207
09/08/2008,7.508787171
10/08/2008,7.52131798
11/08/2008,7.589841512
12/08/2008,7.500529485
13/08/2008,7.370230642
14/08/2008,7.385230923
15/08/2008,7.302496424
16/08/2008,7.275172319
17/08/2008,7.392031568
18/08/2008,7.516977225
19/08/2008,7.909122183
20/08/2008,7.723120092
21/08/2008,7.670428522
22/08/2008,7.62900389
23/08/2008,7.430707083
24/08/2008,7.579678823
25/08/2008,7.948385285
26/08/2008,7.795646536
27/08/2008,8.007367068
28/08/2008,7.790696031
29/08/2008,7.832807517
30/08/2008,7.51479976
31/08/2008,7.62754439
01/09/2008,7.855157006
02/09/2008,7.964850887
03/09/2008,7.74586823
04/09/2008,8.08085642
05/09/2008,8.25997566
06/09/2008,7.769800996
07/09/2008,8.177515824
08/09/2008,9.281730368
09/09/2008,8.33854488
10/09/2008,7.830425618
11/09/2008,7.808729307
12/09/2008,7.816819966
13/09/2008,7.554858521
14/09/2008,8.555066844
15/09/2008,8.207946941
16/09/2008,8.083637203
17/09/2008,7.791109511
18/09/2008,7.670894831
19/09/2008,7.640123173
20/09/2008,7.550135342
21/09/2008,8.249313746
22/09/2008,8.303999971
23/09/2008,8.126813721
24/09/2008,7.70616297
25/09/2008,7.663877259
26/09/2008,7.526717561
27/09/2008,7.925880317
28/09/2008,7.921535632
29/09/2008,8.033982735
30/09/2008,7.725771442
01/10/2008,7.694392803
02/10/2008,7.449498005
03/10/2008,7.391415235
04/10/2008,7.34601021
05/10/2008,8.101374671
06/10/2008,8.156510226
07/10/2008,7.971085754
08/10/2008,7.872836175
09/10/2008,7.635303886
10/10/2008,7.58781722
11/10/2008,7.342131731
12/10/2008,8.177515824
13/10/2008,8.340933226
14/10/2008,8.476579509
15/10/2008,7.87359779
16/10/2008,7.717351272
17/10/2008,7.490529402
18/10/2008,7.375882148
19/10/2008,8.075582637
20/10/2008,8.165363632
23/10/2008,7.585281079
24/10/2008,7.607381426
25/10/2008,7.267525428
26/10/2008,8.040124664
27/10/2008,8.109224953
28/10/2008,8.806873267
29/10/2008,7.747164967
30/10/2008,7.480992163
31/10/2008,7.346655163
01/11/2008,7.247080585
02/11/2008,7.938088727
03/11/2008,9.035629778
04/11/2008,8.041091004
05/11/2008,7.406103381
06/11/2008,7.973844376
07/11/2008,7.768110379
08/11/2008,7.471363088
09/11/2008,8.030084094
10/11/2008,8.729397123
11/11/2008,7.93701749
12/11/2008,7.665284718
13/11/2008,7.580189418
14/11/2008,7.710653324
15/11/2008,7.261225092
16/11/2008,8.046549357
17/11/2008,8.093462275
18/11/2008,7.767263997
19/11/2008,7.496652438
20/11/2008,7.552237288
21/11/2008,7.497207223
22/11/2008,7.312553498
23/11/2008,7.938802248
24/11/2008,9.058703197
25/11/2008,8.194229305
26/11/2008,7.519149958
27/11/2008,7.551186867
28/11/2008,7.713784617
29/11/2008,7.605890001
30/11/2008,8.499029221
01/12/2008,8.291797105
02/12/2008,7.89469085
03/12/2008,7.790282381
04/12/2008,7.655390645
05/12/2008,7.610357618
06/12/2008,7.531016332
07/12/2008,8.231376046
08/12/2008,8.006700845
09/12/2008,7.858640656
10/12/2008,7.697121317
11/12/2008,7.595889918
12/12/2008,7.73587032
13/12/2008,7.351158226
14/12/2008,8.031385331
15/12/2008,8.394347361
16/12/2008,7.823645931
17/12/2008,8.08671792
18/12/2008,7.77148876
19/12/2008,8.688959234
20/12/2008,7.747164967
21/12/2008,7.960672608
22/12/2008,8.624611588
23/12/2008,7.996653875
24/12/2008,7.620705087
25/12/2008,7.431891917
26/12/2008,7.462789157
27/12/2008,7.448916103
28/12/2008,8.251403065
29/12/2008,8.555259392
30/12/2008,8.315811132
31/12/2008,8.309922989
01/01/2009,7.758760544
02/01/2009,8.808219665
03/01/2009,9.121946221
04/01/2009,10.15381816
05/01/2009,9.267854278
06/01/2009,8.434246271
07/01/2009,8.137688185
08/01/2009,8.04494705
09/01/2009,8.228977643
10/01/2009,8.141189793
11/01/2009,9.215626376
12/01/2009,8.732788325
13/01/2009,8.510168576
14/01/2009,8.104099056
15/01/2009,7.950149888
16/01/2009,7.852050207
17/01/2009,7.656337166
18/01/2009,8.044305407
19/01/2009,8.801017834
20/01/2009,7.829630389
21/01/2009,7.777373603
22/01/2009,7.93522954
23/01/2009,7.672292456
24/01/2009,7.38832786
25/01/2009,7.511524648
26/01/2009,7.663407665
27/01/2009,7.789454566
28/01/2009,7.807916629
29/01/2009,7.824845691
30/01/2009,7.906547232
31/01/2009,7.70210434
01/02/2009,8.477620416
02/02/2009,9.149528233
03/02/2009,8.062117583
04/02/2009,8.06652149
05/02/2009,8.059592329
06/02/2009,8.049427057
07/02/2009,7.762170607
08/02/2009,8.097730574
09/02/2009,8.018296139
10/02/2009,7.616775809
11/02/2009,7.842671475
12/02/2009,7.768533301
13/02/2009,7.530479995
14/02/2009,7.332369206
15/02/2009,7.224024808
16/02/2009,7.416378479
17/02/2009,7.427144133
18/02/2009,7.397561536
19/02/2009,7.495541944
20/02/2009,7.399398083
21/02/2009,7.008505182
22/02/2009,7.118016204
23/02/2009,7.483806688
24/02/2009,7.571473649
25/02/2009,7.648263031
26/02/2009,7.474204806
27/02/2009,7.472500745
28/02/2009,7.211556733
01/03/2009,7.343426229
02/03/2009,7.482118924
03/03/2009,7.410951876
04/03/2009,7.403061091
05/03/2009,7.452982329
06/03/2009,7.423568444
07/03/2009,7.085064294
08/03/2009,7.210818453
09/03/2009,7.356279877
10/03/2009,7.304515946
11/03/2009,7.46565531
12/03/2009,7.869019376
13/03/2009,7.248504072
14/03/2009,7.07834158
15/03/2009,7.221105098
16/03/2009,7.33432935
17/03/2009,7.292337176
18/03/2009,7.299121463
19/03/2009,7.283448229
20/03/2009,7.301822342
21/03/2009,7.062191632
22/03/2009,7.181591945
23/03/2009,7.505492275
24/03/2009,7.874739125
25/03/2009,7.578656851
26/03/2009,7.36707706
27/03/2009,7.257002707
28/03/2009,7.056175284
29/03/2009,7.502738211
30/03/2009,7.443078374
31/03/2009,7.481555702
01/04/2009,7.482118924
02/04/2009,7.519149958
03/04/2009,7.659642955
04/04/2009,7.244227516
05/04/2009,7.232733136
06/04/2009,7.342131731
07/04/2009,7.421177529
08/04/2009,7.492203043
09/04/2009,7.31521839
10/04/2009,7.141245122
11/04/2009,7.009408933
12/04/2009,7.087573706
13/04/2009,7.304515946
14/04/2009,7.374629015
15/04/2009,7.512617545
16/04/2009,7.517520851
17/04/2009,7.374001859
18/04/2009,7.141245122
19/04/2009,7.161622003
20/04/2009,7.484930283
21/04/2009,7.512617545
22/04/2009,7.444833274
23/04/2009,7.474204806
24/04/2009,7.671826798
25/04/2009,7.842278779
26/04/2009,7.924072325
27/04/2009,7.828436359
28/04/2009,7.586803535
29/04/2009,7.629975707
30/04/2009,7.709756864
01/05/2009,7.526717561
02/05/2009,7.193685818
03/05/2009,7.257707677
04/05/2009,7.454141078
05/05/2009,7.481555702
06/05/2009,7.559038255
07/05/2009,7.444833274
08/05/2009,7.337587744
09/05/2009,7.135687347
10/05/2009,7.085064294
11/05/2009,7.272398393
12/05/2009,7.510977752
13/05/2009,7.498869734
14/05/2009,7.444248649
15/05/2009,7.403061091
16/05/2009,6.91671502
17/05/2009,6.977281342
18/05/2009,7.482681828
19/05/2009,7.41397029
20/05/2009,7.372118028
21/05/2009,7.333676396
22/05/2009,7.395107547
23/05/2009,7.036148494
24/05/2009,6.874198495
25/05/2009,6.98471632
26/05/2009,7.455876687
27/05/2009,7.494986234
28/05/2009,7.331060305
29/05/2009,7.104965448
30/05/2009,6.993932975
31/05/2009,6.930494766
01/06/2009,7.218176838
02/06/2009,7.475905969
03/06/2009,7.364547014
04/06/2009,7.239932591
05/06/2009,7.309212366
06/06/2009,7.138867
07/06/2009,6.972606251
08/06/2009,7.188412736
09/06/2009,7.334981879
10/06/2009,7.33432935
11/06/2009,7.432483808
12/06/2009,7.391415235
13/06/2009,6.961296046
14/06/2009,7.021976423
15/06/2009,7.213768308
16/06/2009,7.509883061
17/06/2009,7.328437353
18/06/2009,7.496652438
19/06/2009,7.200424893
20/06/2009,7.084226422
21/06/2009,7.149131599
22/06/2009,7.25629724
23/06/2009,7.198183577
24/06/2009,7.288927695
25/06/2009,7.128495946
26/06/2009,7.082548569
27/06/2009,6.822197391
28/06/2009,6.947937069
29/06/2009,7.112327445
30/06/2009,7.199678346
01/07/2009,7.317212408
02/07/2009,7.098375639
03/07/2009,7.044905117
04/07/2009,7.304515946
05/07/2009,7.793586803
06/07/2009,7.805474625
07/07/2009,7.483244416
08/07/2009,7.356918242
09/07/2009,7.50714108
10/07/2009,7.375255778
11/07/2009,7.196686571
12/07/2009,7.22329568
13/07/2009,7.3524411
14/07/2009,7.317212408
15/07/2009,7.444248649
16/07/2009,7.355641103
17/07/2009,7.324489979
18/07/2009,7.214504414
19/07/2009,7.284134806
20/07/2009,7.54009032
21/07/2009,7.474772182
22/07/2009,7.829232538
23/07/2009,7.681099002
24/07/2009,7.729735331
25/07/2009,7.303170051
26/07/2009,7.282073658
27/07/2009,7.485491608
28/07/2009,7.618742378
29/07/2009,7.693937326
30/07/2009,7.539558829
31/07/2009,7.43838353
01/08/2009,7.273786318
02/08/2009,7.355641103
03/08/2009,7.658227526
04/08/2009,7.843456404
05/08/2009,8.368461138
06/08/2009,8.172164452
07/08/2009,7.811568489
08/08/2009,7.5750717
09/08/2009,7.658699558
10/08/2009,7.866338923
11/08/2009,7.78113851
12/08/2009,7.754910272
13/08/2009,7.708859601
14/08/2009,8.207129168
15/08/2009,7.71154898
16/08/2009,7.734558844
17/08/2009,7.967626739
18/08/2009,8.403800504
19/08/2009,8.292798858
20/08/2009,7.985484357
21/08/2009,8.67180091
22/08/2009,7.782390336
23/08/2009,7.786967003
24/08/2009,7.946617563
25/08/2009,8.173575487
26/08/2009,7.809541325
27/08/2009,7.803026644
28/08/2009,8.051340933
29/08/2009,7.973155433
30/08/2009,7.869019376
31/08/2009,8.16251625
01/09/2009,8.040124664
02/09/2009,7.963460067
03/09/2009,7.838343316
04/09/2009,7.913155186
05/09/2009,7.953318347
06/09/2009,8.076204527
07/09/2009,7.982416347
08/09/2009,8.1285852
09/09/2009,7.954723334
10/09/2009,8.110126802
11/09/2009,8.213652703
12/09/2009,8.046869511
13/09/2009,8.924257021
14/09/2009,8.617219505
15/09/2009,8.519590316
16/09/2009,8.014335737
17/09/2009,8.057694195
18/09/2009,8.104401308
19/09/2009,7.993957548
20/09/2009,8.431853144
21/09/2009,9.738200088
22/09/2009,10.17998228
24/09/2009,8.361941906
28/09/2009,9.948843254
29/09/2009,8.759040728
30/09/2009,8.251663924
01/10/2009,8.078688229
02/10/2009,8.173575487
03/10/2009,7.889084407
04/10/2009,9.099855639
05/10/2009,9.406564834
06/10/2009,9.16440114
07/10/2009,8.487352349
08/10/2009,8.431417414
09/10/2009,8.277666161
10/10/2009,8.312135108
11/10/2009,8.790116893
12/10/2009,10.28003865
13/10/2009,9.075779879
17/10/2009,8.699181359
18/10/2009,9.086589565
19/10/2009,8.861491864
20/10/2009,8.544419178
21/10/2009,8.447628728
22/10/2009,8.252706677
23/10/2009,8.109826276
24/10/2009,8.136810864
25/10/2009,8.726805608
26/10/2009,9.382695764
27/10/2009,8.578288291
28/10/2009,8.238801166
29/10/2009,8.122371243
30/10/2009,8.055157732
31/10/2009,7.832410927
01/11/2009,8.897545599
02/11/2009,8.725669706
03/11/2009,8.564076777
04/11/2009,8.219056661
05/11/2009,8.147577736
06/11/2009,8.001355026
07/11/2009,7.789454566
08/11/2009,8.811950178
09/11/2009,9.002208578
10/11/2009,8.593042504
11/11/2009,8.281977059
12/11/2009,8.465057437
13/11/2009,8.494743063
14/11/2009,8.405143688
16/11/2009,10.55869919
17/11/2009,9.124564595
18/11/2009,8.731820583
19/11/2009,8.528924114
20/11/2009,8.50512061
21/11/2009,8.276394705
23/11/2009,9.123910644
24/11/2009,8.585972707
25/11/2009,8.315566484
26/11/2009,8.66112036
27/11/2009,8.925720274
28/11/2009,8.441391478
29/11/2009,9.227787286
30/11/2009,9.264733856
01/12/2009,9.274910143
02/12/2009,8.392989588
03/12/2009,8.585225602
04/12/2009,8.423761247
05/12/2009,8.337827262
06/12/2009,9.059750013
07/12/2009,9.29825967
08/12/2009,8.761863373
09/12/2009,8.507546814
10/12/2009,8.399310151
11/12/2009,8.523572798
12/12/2009,8.379539026
13/12/2009,9.091106284
14/12/2009,9.76198159
15/12/2009,8.929567708
16/12/2009,8.530701541
17/12/2009,8.587092319
18/12/2009,9.797849221
19/12/2009,8.664750756
20/12/2009,9.17232693
21/12/2009,9.20140053
22/12/2009,9.330520532
23/12/2009,8.684570301
24/12/2009,8.502485563
25/12/2009,8.28878581
26/12/2009,8.298041661
27/12/2009,9.16293425
28/12/2009,9.547954813
29/12/2009,9.017240942
30/12/2009,8.784927626
31/12/2009,8.386628821
01/01/2010,8.334471555
02/01/2010,8.536014946
03/01/2010,8.708639656
04/01/2010,8.730043953
05/01/2010,8.375629627
06/01/2010,8.318986125
07/01/2010,8.464425126
08/01/2010,8.597297436
09/01/2010,8.922791624
10/01/2010,9.491677357
11/01/2010,9.210140352
12/01/2010,8.67795057
13/01/2010,8.602269364
14/01/2010,8.614501374
15/01/2010,8.65886635
16/01/2010,8.779403598
17/01/2010,11.0079328
18/01/2010,9.753245889
19/01/2010,9.225130457
20/01/2010,9.017726026
21/01/2010,8.936955604
22/01/2010,9.009325173
25/01/2010,11.48406292
26/01/2010,10.2642342
27/01/2010,9.694431801
28/01/2010,9.440419814
29/01/2010,9.353747835
30/01/2010,9.228474942
31/01/2010,9.303921786
01/02/2010,10.24017405
02/02/2010,9.915959454
03/02/2010,10.11151747
04/02/2010,9.858594784
05/02/2010,10.11900208
06/02/2010,10.00056889
07/02/2010,11.19145218
09/02/2010,10.46333189
10/02/2010,9.654064192
11/02/2010,9.119758994
12/02/2010,8.795733606
13/02/2010,8.448485993
14/02/2010,8.266678443
15/02/2010,8.218517577
16/02/2010,8.242493153
17/02/2010,8.008032847
18/02/2010,8.045267717
19/02/2010,7.928766322
20/02/2010,7.745002804
21/02/2010,7.866338923
22/02/2010,7.941651253
24/02/2010,8.310414994
25/02/2010,7.828038032
26/02/2010,7.87359779
27/02/2010,7.757051142
28/02/2010,7.726212651
01/03/2010,7.775275846
02/03/2010,7.795234929
03/03/2010,7.749753406
04/03/2010,8.068089626
05/03/2010,8.725832057
06/03/2010,7.654443226
07/03/2010,7.60339934
08/03/2010,7.75319427
09/03/2010,7.770223204
10/03/2010,7.631431665
11/03/2010,7.543802868
12/03/2010,7.604396349
13/03/2010,7.584264818
14/03/2010,7.510977752
15/03/2010,7.674617497
16/03/2010,7.712890961
17/03/2010,7.701652363
18/03/2010,7.638198244
19/03/2010,7.562681247
20/03/2010,7.40367029
21/03/2010,7.466227556
22/03/2010,7.612336837
23/03/2010,7.801800402
24/03/2010,8.028781162
25/03/2010,7.730174795
26/03/2010,7.639642288
27/03/2010,7.563200592
28/03/2010,7.486613313
29/03/2010,7.507690078
30/03/2010,7.65396918
31/03/2010,7.61283103
01/04/2010,7.454141078
02/04/2010,7.36707706
03/04/2010,7.452982329
04/04/2010,7.478734826
05/04/2010,7.985143931
06/04/2010,7.821643126
07/04/2010,7.660585462
08/04/2010,7.559559496
09/04/2010,7.576609767
10/04/2010,7.45007957
11/04/2010,7.498869734
12/04/2010,7.515889085
13/04/2010,7.608374474
14/04/2010,7.586296307
15/04/2010,7.680637428
16/04/2010,7.784889296
17/04/2010,7.552237288
18/04/2010,7.598900457
19/04/2010,7.648263031
20/04/2010,7.669961995
21/04/2010,7.855544678
22/04/2010,8.096512918
23/04/2010,8.921057018
24/04/2010,8.398634855
25/04/2010,7.988203597
26/04/2010,8.002694162
27/04/2010,8.0730912
28/04/2010,7.983098941
29/04/2010,7.846198815
30/04/2010,7.786551806
01/05/2010,7.444833274
02/05/2010,7.542213463
03/05/2010,7.642524134
04/05/2010,7.651120176
05/05/2010,7.511524648
06/05/2010,7.676937146
07/05/2010,7.99125393
08/05/2010,7.441906728
09/05/2010,7.383989458
10/05/2010,7.605890001
11/05/2010,7.586803535
12/05/2010,7.621195163
13/05/2010,7.295735073
14/05/2010,7.488852956
15/05/2010,7.273092596
16/05/2010,7.346655163
17/05/2010,7.473637108
18/05/2010,7.355641103
19/05/2010,7.228388452
20/05/2010,7.396948603
21/05/2010,7.475339237
22/05/2010,7.409741954
23/05/2010,7.34601021
24/05/2010,7.407924323
25/05/2010,7.383989458
26/05/2010,7.380879036
27/05/2010,7.206377291
28/05/2010,7.093404626
29/05/2010,7.109879463
30/05/2010,7.055312843
31/05/2010,7.116394144
01/06/2010,7.192182059
02/06/2010,7.249215057
03/06/2010,7.419380583
04/06/2010,7.562161631
05/06/2010,7.433075349
06/06/2010,7.285506549
07/06/2010,7.935587386
08/06/2010,9.019542997
09/06/2010,7.225481473
10/06/2010,7.027314514
11/06/2010,6.799055862
12/06/2010,5.446737372
13/06/2010,5.323009979
14/06/2010,5.262690189
15/06/2010,6.306275287
16/06/2010,6.652863029
17/06/2010,7.21964204
18/06/2010,7.38832786
19/06/2010,7.138867
20/06/2010,7.043159916
21/06/2010,7.206377291
22/06/2010,7.029972912
23/06/2010,7.007600614
24/06/2010,6.918695219
25/06/2010,6.884486652
27/06/2010,6.137727054
29/06/2010,7.206377291
30/06/2010,7.137278437
01/07/2010,7.054449658
02/07/2010,7.112327445
03/07/2010,6.926577033
04/07/2010,6.814542897
06/07/2010,7.355001921
11/07/2010,7.13169851
12/07/2010,7.077498054
13/07/2010,7.242082359
14/07/2010,7.247080585
15/07/2010,7.646353722
16/07/2010,7.456454555
17/07/2010,7.309881486
18/07/2010,7.237778192
19/07/2010,7.275172319
20/07/2010,7.469083885
21/07/2010,7.450660796
22/07/2010,8.127404563
23/07/2010,7.774855767
24/07/2010,7.52131798
25/07/2010,7.549609165
26/07/2010,7.949797216
27/07/2010,7.797702036
28/07/2010,7.799753318
29/07/2010,7.900266037
30/07/2010,7.858254182
31/07/2010,7.941651253
01/08/2010,7.671360923
02/08/2010,8.135346949
03/08/2010,8.687779492
04/08/2010,8.453187861
05/08/2010,8.064636476
06/08/2010,8.009363077
07/08/2010,7.877397186
08/08/2010,7.855157006
09/08/2010,8.140898461
10/08/2010,7.921172722
11/08/2010,7.97074039
12/08/2010,7.965198291
13/08/2010,8.134760782
14/08/2010,7.798523054
15/08/2010,8.307705967
16/08/2010,8.280711076
17/08/2010,8.744488114
18/08/2010,8.59137259
19/08/2010,8.440528106
20/08/2010,8.509765676
21/08/2010,8.355144739
22/08/2010,8.280964401
23/08/2010,8.440528106
24/08/2010,8.313852267
25/08/2010,8.08085642
26/08/2010,8.185907481
27/08/2010,8.856803357
28/08/2010,8.0730912
29/08/2010,8.141481041
30/08/2010,8.187855444
31/08/2010,8.115221973
01/09/2010,8.159088655
02/09/2010,8.204398418
03/09/2010,8.285008895
04/09/2010,8.082711134
05/09/2010,8.245646901
06/09/2010,8.222016437
07/09/2010,8.451267041
08/09/2010,8.551981017
09/09/2010,8.625150333
10/09/2010,9.131946305
11/09/2010,8.339978572
12/09/2010,9.866200968
13/09/2010,9.270776741
14/09/2010,8.77183541
15/09/2010,8.494743063
16/09/2010,8.616314282
17/09/2010,8.947806093
18/09/2010,9.075779879
19/09/2010,9.500469448
20/09/2010,11.42610316
21/09/2010,9.295508384
22/09/2010,8.617219505
23/09/2010,8.476996002
24/09/2010,8.327726166
25/09/2010,8.303752416
26/09/2010,9.330431852
27/09/2010,9.416134285
28/09/2010,8.922924931
29/09/2010,8.445911989
30/09/2010,8.311152548
01/10/2010,8.270525095
02/10/2010,8.201660191
03/10/2010,9.009814111
04/10/2010,9.309099144
05/10/2010,9.128479345
06/10/2010,8.447414297
07/10/2010,8.25426877
08/10/2010,8.324821299
09/10/2010,8.102889135
10/10/2010,9.159573255
11/10/2010,8.851090688
12/10/2010,9.540578934
13/10/2010,8.490438454
14/10/2010,8.564649133
15/10/2010,8.352318548
16/10/2010,8.104401308
17/10/2010,9.15334665
18/10/2010,10.0752957
19/10/2010,8.718009331
20/10/2010,8.344742754
21/10/2010,8.263074836
22/10/2010,8.256088134
23/10/2010,8.008698183
24/10/2010,8.529714472
25/10/2010,8.861350111
26/10/2010,9.789142351
27/10/2010,8.500250471
28/10/2010,8.405591015
29/10/2010,8.944158831
30/10/2010,8.866581653
31/10/2010,9.014568767
01/11/2010,9.130105979
02/11/2010,10.24650972
03/11/2010,8.589699882
04/11/2010,8.650674583
05/11/2010,8.781248333
06/11/2010,8.33302994
07/11/2010,9.06762407
08/11/2010,9.523324627
09/11/2010,8.709960006
10/11/2010,8.371010681
11/11/2010,8.377701213
12/11/2010,8.400434631
13/11/2010,8.182838711
14/11/2010,8.875007486
15/11/2010,9.210340372
16/11/2010,8.714567551
17/11/2010,8.317521996
18/11/2010,8.559294367
19/11/2010,8.604654467
20/11/2010,8.733755131
21/11/2010,9.540578934
22/11/2010,10.16168932
23/11/2010,8.816705016
24/11/2010,8.314097335
25/11/2010,8.710619528
26/11/2010,8.743691111
27/11/2010,8.392310009
28/11/2010,9.230731062
29/11/2010,10.25611431
30/11/2010,8.913819351
01/12/2010,8.650324504
02/12/2010,8.390041406
03/12/2010,8.309184528
04/12/2010,8.222285074
05/12/2010,9.282381925
06/12/2010,9.92260367
07/12/2010,9.168893182
08/12/2010,8.748304912
09/12/2010,8.815073089
10/12/2010,9.763305522
11/12/2010,8.568836425
12/12/2010,8.926118971
13/12/2010,9.128913373
14/12/2010,9.719564714
15/12/2010,8.781248333
16/12/2010,8.48838211
17/12/2010,8.53640741
18/12/2010,8.144098463
19/12/2010,9.106645136
20/12/2010,9.115699968
21/12/2010,9.684211513
22/12/2010,8.800113947
23/12/2010,8.547528391
24/12/2010,8.32215107
25/12/2010,8.095293777
26/12/2010,8.92345798
27/12/2010,9.379745537
28/12/2010,8.903271586
29/12/2010,8.875566692
30/12/2010,8.441391478
31/12/2010,8.59674347
01/01/2011,9.009691898
02/01/2011,9.398975291
03/01/2011,9.99392223
04/01/2011,9.061492275
05/01/2011,8.971194463
06/01/2011,8.946895524
07/01/2011,9.186969386
08/01/2011,9.098067129
09/01/2011,10.87810379
10/01/2011,9.382695764
11/01/2011,9.198976042
12/01/2011,8.621192781
13/01/2011,8.61323038
14/01/2011,8.695171999
15/01/2011,8.720297287
16/01/2011,9.500319803
17/01/2011,9.34757739
18/01/2011,8.783702699
19/01/2011,8.702177866
20/01/2011,8.682199026
21/01/2011,8.483636408
22/01/2011,8.409162447
23/01/2011,8.973097896
24/01/2011,9.550306498
25/01/2011,8.786303878
26/01/2011,8.608130186
27/01/2011,8.494947582
28/01/2011,8.448700195
29/01/2011,8.191740021
30/01/2011,8.380915173
31/01/2011,9.073947747
01/02/2011,8.356085031
02/02/2011,8.348537825
03/02/2011,8.53503311
04/02/2011,8.434897949
05/02/2011,8.53542596
06/02/2011,8.991686726
07/02/2011,9.777130364
08/02/2011,8.63887971
09/02/2011,8.283241441
10/02/2011,8.273336599
11/02/2011,8.159088655
12/02/2011,7.913521017
13/02/2011,7.840706452
14/02/2011,8.02486215
15/02/2011,7.971430998
16/02/2011,8.477828468
17/02/2011,7.957877358
18/02/2011,8.023552392
19/02/2011,7.549082711
20/02/2011,7.519692404
21/02/2011,7.871692664
22/02/2011,7.681560363
23/02/2011,7.732369222
24/02/2011,7.782390336
25/02/2011,7.656337166
26/02/2011,7.483244416
27/02/2011,7.598900457
28/02/2011,7.786136438
01/03/2011,7.750614733
02/03/2011,7.764720545
03/03/2011,7.704811923
04/03/2011,7.658699558
05/03/2011,7.347299701
06/03/2011,7.544332108
07/03/2011,7.747164967
08/03/2011,7.688913337
09/03/2011,7.770645234
10/03/2011,7.6118424
11/03/2011,7.487733761
12/03/2011,7.557472902
13/03/2011,7.568379268
14/03/2011,7.525639975
15/03/2011,7.661997559
16/03/2011,7.416378479
17/03/2011,7.443663683
18/03/2011,7.316548177
19/03/2011,7.17472431
20/03/2011,7.247792582
21/03/2011,7.41397029
22/03/2011,7.529406458
23/03/2011,7.639642288
24/03/2011,8.269756948
25/03/2011,8.331345425
26/03/2011,7.784473236
27/03/2011,7.480992163
28/03/2011,7.58781722
29/03/2011,7.671826798
30/03/2011,7.59739632
31/03/2011,7.677400431
01/04/2011,7.484368643
02/04/2011,7.261225092
03/04/2011,7.392031568
04/04/2011,7.428333194
05/04/2011,7.557472902
06/04/2011,7.488852956
07/04/2011,7.427144133
08/04/2011,8.215276959
09/04/2011,8.493719835
10/04/2011,8.14322675
11/04/2011,8.121777419
12/04/2011,8.207946941
13/04/2011,8.519789817
14/04/2011,8.574707098
15/04/2011,8.047829357
16/04/2011,7.487733761
17/04/2011,7.566311015
18/04/2011,7.997663127
19/04/2011,8.00836557
20/04/2011,7.914983006
21/04/2011,7.880426344
22/04/2011,7.848933726
23/04/2011,7.508238775
24/04/2011,7.660585462
25/04/2011,8.027476531
26/04/2011,8.100464891
27/04/2011,8.180880942
28/04/2011,8.333510709
29/04/2011,8.641002477
30/04/2011,8.463159303
01/05/2011,8.012018239
02/05/2011,7.795646536
03/05/2011,7.705712824
04/05/2011,7.778630147
05/05/2011,7.812378206
06/05/2011,7.561641746
07/05/2011,7.263329617
08/05/2011,7.355641103
09/05/2011,7.474772182
10/05/2011,7.534228326
11/05/2011,7.629975707
12/05/2011,7.626082758
13/05/2011,7.444833274
14/05/2011,7.119635638
15/05/2011,7.370230642
16/05/2011,7.541152455
17/05/2011,7.513709248
18/05/2011,7.590346946
19/05/2011,7.54802897
20/05/2011,7.368339686
21/05/2011,7.113142109
22/05/2011,7.237059026
23/05/2011,7.487173694
24/05/2011,7.612336837
25/05/2011,8.217168596
26/05/2011,7.6666902
27/05/2011,7.326465614
28/05/2011,7.093404626
29/05/2011,7.139660336
30/05/2011,7.40367029
31/05/2011,7.425953657
01/06/2011,7.437795122
02/06/2011,7.553286606
03/06/2011,7.321849714
04/06/2011,7.103322063
05/06/2011,7.110696123
06/06/2011,7.482118924
07/06/2011,7.545918151
08/06/2011,7.327780538
09/06/2011,7.21964204
10/06/2011,7.363279587
11/06/2011,7.188412736
12/06/2011,7.250635512
13/06/2011,7.45007957
14/06/2011,7.197435354
15/06/2011,7.419380583
16/06/2011,7.379632153
17/06/2011,7.403061091
18/06/2011,7.515889085
19/06/2011,7.637234389
20/06/2011,7.526178913
21/06/2011,7.318539549
22/06/2011,7.382124366
23/06/2011,7.749753406
24/06/2011,7.676009932
25/06/2011,7.26612878
26/06/2011,7.583247524
27/06/2011,7.566828479
28/06/2011,7.560080465
29/06/2011,7.632885505
30/06/2011,7.500529485
01/07/2011,7.423568444
02/07/2011,7.390181428
03/07/2011,7.210079628
04/07/2011,7.945555428
05/07/2011,7.599901959
06/07/2011,7.562681247
07/07/2011,7.6118424
08/07/2011,8.999989642
09/07/2011,8.737933858
10/07/2011,8.267962305
11/07/2011,7.779048645
12/07/2011,7.578656851
13/07/2011,7.605392365
14/07/2011,8.291797105
15/07/2011,7.617759577
16/07/2011,7.358830898
17/07/2011,7.686621335
18/07/2011,7.753623547
19/07/2011,7.779048645
20/07/2011,8.057060682
21/07/2011,7.898411093
22/07/2011,7.797291274
23/07/2011,7.515344571
24/07/2011,7.482681828
25/07/2011,7.886832999
26/07/2011,8.397282895
27/07/2011,8.267705665
28/07/2011,8.236155662
29/07/2011,8.388905171
30/07/2011,9.078864009
31/07/2011,9.632990305
01/08/2011,8.947806093
02/08/2011,8.539345996
03/08/2011,8.347827346
04/08/2011,8.32530603
05/08/2011,8.255568653
06/08/2011,8.097121931
07/08/2011,8.135932772
08/08/2011,8.018954683
09/08/2011,8.086102536
10/08/2011,8.133293861
11/08/2011,8.049746291
12/08/2011,8.190631681
13/08/2011,8.04334217
14/08/2011,8.438149984
15/08/2011,8.107418812
16/08/2011,8.168769824
17/08/2011,8.174702882
18/08/2011,8.291295852
19/08/2011,8.305978211
20/08/2011,8.423102268
21/08/2011,8.756210092
22/08/2011,8.725832057
23/08/2011,8.707482918
24/08/2011,8.510772624
25/08/2011,8.702177866
26/08/2011,8.580543507
27/08/2011,9.225426009
28/08/2011,8.411165787
29/08/2011,8.451907725
30/08/2011,8.77183541
31/08/2011,8.238801166
01/09/2011,8.157083785
03/09/2011,8.03915739
04/09/2011,8.118505068
05/09/2011,9.185637759
06/09/2011,9.152393412
07/09/2011,9.02617712
08/09/2011,9.742261904
09/09/2011,10.08284639
10/09/2011,9.11107237
11/09/2011,9.73878978
12/09/2011,9.614938438
13/09/2011,9.348013177
14/09/2011,8.554296279
15/09/2011,8.449556543
16/09/2011,8.430545385
17/09/2011,8.605387202
18/09/2011,9.219894585
19/09/2011,9.50076867
20/09/2011,9.522300337
21/09/2011,8.478868077
22/09/2011,8.283494126
23/09/2011,8.26898821
24/09/2011,8.283241441
25/09/2011,9.030136571
26/09/2011,10.25255866
27/09/2011,9.166597449
28/09/2011,8.275376375
29/09/2011,8.34664209
30/09/2011,8.42156296
01/10/2011,8.19450551
02/10/2011,8.877660934
03/10/2011,8.994172434
04/10/2011,9.556762939
05/10/2011,8.414495793
06/10/2011,8.311398278
07/10/2011,8.365672384
08/10/2011,8.149023868
09/10/2011,8.968268811
10/10/2011,8.88322423
11/10/2011,8.70450229
12/10/2011,8.232971791
13/10/2011,8.173011312
14/10/2011,8.13446757
15/10/2011,8.834336974
16/10/2011,9.089753409
17/10/2011,9.01079127
18/10/2011,8.717518373
19/10/2011,8.422003004
21/10/2011,8.207129168
22/10/2011,8.054840221
23/10/2011,8.831565879
24/10/2011,10.18274675
25/10/2011,8.809862805
26/10/2011,8.76013937
27/10/2011,8.885025658
28/10/2011,8.561592779
29/10/2011,8.24957515
30/10/2011,9.356602879
31/10/2011,9.127502094
01/11/2011,8.791029857
02/11/2011,8.65347081
03/11/2011,8.743372131
04/11/2011,8.867427439
05/11/2011,8.440096141
06/11/2011,9.375685305
07/11/2011,9.741027445
08/11/2011,8.836228572
09/11/2011,8.461046031
10/11/2011,8.216358332
11/11/2011,8.228443883
12/11/2011,8.047189562
13/11/2011,9.072341874
14/11/2011,9.467614782
15/11/2011,8.986696696
16/11/2011,8.43923165
17/11/2011,8.42398081
18/11/2011,8.588024372
19/11/2011,8.254008591
20/11/2011,8.745125259
21/11/2011,9.495143304
22/11/2011,8.724695047
23/11/2011,8.359603271
24/11/2011,8.763740721
25/11/2011,8.727940222
26/11/2011,8.3854887
27/11/2011,9.313077449
28/11/2011,9.306195858
29/11/2011,9.846758458
30/11/2011,8.796792688
01/12/2011,8.646113971
02/12/2011,8.939843124
03/12/2011,8.843759382
04/12/2011,9.700514208
05/12/2011,9.539140395
06/12/2011,8.908288886
07/12/2011,9.021839764
08/12/2011,9.109635668
09/12/2011,8.871645668
10/12/2011,8.382289429
11/12/2011,9.232297539
12/12/2011,9.852878235
13/12/2011,8.847072313
14/12/2011,8.533460164
15/12/2011,8.588024372
16/12/2011,8.485496105
17/12/2011,8.189799619
18/12/2011,9.496871783
19/12/2011,9.462809689
20/12/2011,8.843470782
21/12/2011,8.363109176
22/12/2011,8.605753368
23/12/2011,6.586171655
26/12/2011,7.635786861
27/12/2011,9.248791558
28/12/2011,8.880724576
29/12/2011,8.696175847
30/12/2011,8.453827316
31/12/2011,8.144679183
01/01/2012,9.076351732
02/01/2012,10.24469854
03/01/2012,9.85828096
04/01/2012,9.187583385
05/01/2012,8.762489547
06/01/2012,8.50167338
07/01/2012,8.655214489
08/01/2012,10.03889219
09/01/2012,9.464362243
10/01/2012,8.973097896
11/01/2012,8.955577146
12/01/2012,8.919453169
13/01/2012,8.726318951
14/01/2012,8.739216115
15/01/2012,10.26196587
16/01/2012,10.56949475
17/01/2012,9.561208489
18/01/2012,9.604002768
19/01/2012,10.08610073
20/01/2012,9.728419624
21/01/2012,9.412055976
22/01/2012,9.8435783
23/01/2012,11.57217502
24/01/2012,10.28171849
25/01/2012,10.16976722
26/01/2012,9.682903224
27/01/2012,9.895505783
28/01/2012,9.37627845
29/01/2012,9.582179752
30/01/2012,10.34145212
31/01/2012,10.33397042
01/02/2012,10.2182253
02/02/2012,9.734062477
03/02/2012,10.18746276
04/02/2012,9.88857694
05/02/2012,11.07508695
06/02/2012,12.67354182
07/02/2012,10.9246967
08/02/2012,10.18153587
09/02/2012,9.863394459
10/02/2012,9.925738161
11/02/2012,9.401539077
12/02/2012,9.334414687
13/02/2012,9.147507063
14/02/2012,8.913953859
15/02/2012,9.180190395
16/02/2012,9.057189192
17/02/2012,8.712759975
18/02/2012,8.403128235
19/02/2012,8.294799359
20/02/2012,9.115919796
21/02/2012,8.951569643
22/02/2012,8.351374707
23/02/2012,8.653819789
24/02/2012,8.642944397
25/02/2012,8.716207971
26/02/2012,8.364973978
27/02/2012,8.373784608
28/02/2012,8.517193191
29/02/2012,8.318254329
01/03/2012,8.395477433
02/03/2012,8.322880022
03/03/2012,8.245646901
04/03/2012,8.631949429
05/03/2012,8.310660906
06/03/2012,8.432941639
07/03/2012,11.64483054
08/03/2012,11.36328792
09/03/2012,10.69294441
10/03/2012,10.33439296
11/03/2012,9.986080851
12/03/2012,10.28209521
13/03/2012,10.19436452
14/03/2012,10.09547062
15/03/2012,10.14686501
16/03/2012,10.14088898
17/03/2012,10.2095374
18/03/2012,10.03368213
19/03/2012,11.08283462
20/03/2012,11.17448329
21/03/2012,10.77928957
22/03/2012,9.947504438
23/03/2012,9.376024288
24/03/2012,8.997765772
25/03/2012,8.83287946
26/03/2012,8.898228986
27/03/2012,8.764678074
28/03/2012,8.541105011
29/03/2012,8.396154863
30/03/2012,8.312380597
31/03/2012,8.341171747
01/04/2012,8.13005904
02/04/2012,8.35819746
03/04/2012,8.355614996
04/04/2012,8.181720455
05/04/2012,8.10952566
06/04/2012,8.064636476
07/04/2012,7.823245691
08/04/2012,7.854769183
09/04/2012,8.101677747
10/04/2012,8.090402297
11/04/2012,7.989899375
12/04/2012,8.098946749
13/04/2012,8.653819789
14/04/2012,8.041091004
15/04/2012,8.049746291
16/04/2012,8.221478947
17/04/2012,8.170751424
18/04/2012,8.335431478
19/04/2012,8.256607345
20/04/2012,8.057694195
21/04/2012,7.707961532
22/04/2012,7.917171989
23/04/2012,8.260234292
24/04/2012,8.288031568
25/04/2012,8.368693183
26/04/2012,8.633552993
27/04/2012,9.272469743
28/04/2012,8.675563527
29/04/2012,8.483429561
01/05/2012,8.171882006
02/05/2012,8.206583614
03/05/2012,8.188966864
04/05/2012,8.030734924
05/05/2012,8.054840221
06/05/2012,9.155144737
07/05/2012,8.833316937
08/05/2012,8.349720837
09/05/2012,8.18339737
10/05/2012,7.956476798
11/05/2012,7.869401713
12/05/2012,7.709308333
13/05/2012,7.819234454
14/05/2012,7.832410927
15/05/2012,7.886832999
16/05/2012,8.037866235
17/05/2012,7.952615112
18/05/2012,7.767687277
19/05/2012,7.478169694
20/05/2012,7.539027056
21/05/2012,7.997999318
22/05/2012,8.309676896
23/05/2012,8.028781162
24/05/2012,7.790282381
25/05/2012,7.761744985
26/05/2012,7.476472381
27/05/2012,7.639642288
28/05/2012,7.655864018
29/05/2012,7.819636302
30/05/2012,7.813591553
31/05/2012,7.990576882
01/06/2012,7.812782819
02/06/2012,7.657755271
03/06/2012,7.694392803
04/06/2012,7.841492924
05/06/2012,7.933438388
06/06/2012,7.651120176
07/06/2012,7.723562472
08/06/2012,7.880048201
09/06/2012,7.940939762
10/06/2012,7.758760544
11/06/2012,7.63336965
12/06/2012,7.848543482
13/06/2012,7.897296473
14/06/2012,7.722234745
15/06/2012,7.712443834
16/06/2012,7.539558829
17/06/2012,7.911690521
18/06/2012,7.80139132
19/06/2012,8.401333305
20/06/2012,8.181440696
21/06/2012,7.862882035
22/06/2012,7.924072325
23/06/2012,7.566828479
24/06/2012,7.519149958
25/06/2012,7.648739789
26/06/2012,7.770645234
27/06/2012,7.609862201
28/06/2012,7.591861715
29/06/2012,7.539027056
30/06/2012,7.34536484
01/07/2012,7.463363046
02/07/2012,7.51479976
03/07/2012,7.642524134
04/07/2012,7.676009932
05/07/2012,7.557994959
06/07/2012,7.688913337
07/07/2012,7.60638739
08/07/2012,7.582229194
09/07/2012,7.7419679
10/07/2012,7.782390336
11/07/2012,8.006367568
12/07/2012,8.651024539
13/07/2012,8.403576465
14/07/2012,8.385032288
15/07/2012,8.028129059
16/07/2012,7.957877358
17/07/2012,7.99530662
18/07/2012,7.992268643
19/07/2012,7.935945103
20/07/2012,7.987864096
21/07/2012,7.783640596
22/07/2012,7.808729307
23/07/2012,8.053251154
24/07/2012,7.97590836
25/07/2012,8.122371243
26/07/2012,8.559869466
27/07/2012,8.927446816
28/07/2012,8.285765421
29/07/2012,8.283999304
30/07/2012,8.163371316
31/07/2012,7.914252279
01/08/2012,7.864419905
02/08/2012,8.072155308
03/08/2012,8.080237416
04/08/2012,8.120886021
05/08/2012,8.113127104
06/08/2012,8.144388866
07/08/2012,8.064636476
08/08/2012,7.944846711
09/08/2012,8.24143969
10/08/2012,9.007367027
11/08/2012,8.662331957
12/08/2012,8.800565992
13/08/2012,8.374246182
14/08/2012,8.564076777
15/08/2012,8.384347278
16/08/2012,8.126518169
17/08/2012,8.390722527
18/08/2012,8.335191583
19/08/2012,8.927844826
20/08/2012,9.00797936
21/08/2012,8.378160983
22/08/2012,8.203304027
23/08/2012,8.385716829
24/08/2012,8.311152548
25/08/2012,8.741456116
26/08/2012,9.442958894
27/08/2012,9.145908512
28/08/2012,8.589513853
29/08/2012,8.464846711
30/08/2012,8.365905077
31/08/2012,8.565411764
01/09/2012,8.472405009
02/09/2012,8.966483779
03/09/2012,8.560061092
04/09/2012,8.469052816
05/09/2012,8.743850562
06/09/2012,10.01382068
07/09/2012,8.691146499
08/09/2012,8.780941114
09/09/2012,9.839002363
10/09/2012,11.61494039
11/09/2012,9.628655892
12/09/2012,8.782936356
13/09/2012,8.681181042
14/09/2012,9.000976444
15/09/2012,8.746239288
16/09/2012,9.807251945
17/09/2012,9.612667228
18/09/2012,10.59209946
19/09/2012,8.75542238
20/09/2012,8.560635749
21/09/2012,9.40516675
22/09/2012,8.458079927
23/09/2012,9.54959445
24/09/2012,9.606024468
25/09/2012,8.677269139
26/09/2012,8.171034189
27/09/2012,8.24143969
28/09/2012,8.510973892
29/09/2012,8.323608442
30/09/2012,9.25922577
01/10/2012,9.849664746
02/10/2012,8.833171133
03/10/2012,8.497806478
04/10/2012,8.634086943
05/10/2012,9.042276687
06/10/2012,8.550047528
07/10/2012,9.81809305
08/10/2012,9.902086572
09/10/2012,8.916371915
10/10/2012,8.332067707
11/10/2012,8.236685323
12/10/2012,8.40178234
13/10/2012,8.24170316
14/10/2012,9.035629778
15/10/2012,9.104090572
16/10/2012,10.83214154
17/10/2012,8.778787929
18/10/2012,8.480114183
19/10/2012,8.48941081
20/10/2012,8.250620082
21/10/2012,9.543449818
22/10/2012,9.097171674
23/10/2012,8.669399124
24/10/2012,8.349247801
25/10/2012,8.340694648
26/10/2012,8.494743063
27/10/2012,8.533263372
28/10/2012,9.219795531
29/10/2012,10.44429907
30/10/2012,8.87696334
31/10/2012,8.681859813
01/11/2012,8.498214225
02/11/2012,8.568456485
03/11/2012,8.458716262
04/11/2012,9.718181547
05/11/2012,9.687009239
06/11/2012,8.830104318
07/11/2012,8.387995253
08/11/2012,8.498418036
09/11/2012,8.847216104
10/11/2012,8.280964401
11/11/2012,9.26492325
12/11/2012,9.111734768
13/11/2012,8.706821323
14/11/2012,8.331827004
15/11/2012,8.366602833
16/11/2012,8.276903481
17/11/2012,8.129469765
18/11/2012,9.179159254
19/11/2012,9.685580268
20/11/2012,8.655214489
21/11/2012,8.294549515
22/11/2012,8.652248422
23/11/2012,8.929700114
24/11/2012,8.395929104
25/11/2012,9.467537463
26/11/2012,9.889794225
27/11/2012,8.849227021
28/11/2012,8.614319902
29/11/2012,8.481566014
30/11/2012,8.749098248
01/12/2012,8.653645315
02/12/2012,9.348274558
03/12/2012,9.676837862
04/12/2012,9.642901706
05/12/2012,8.728911725
06/12/2012,8.778941882
07/12/2012,9.96057652
08/12/2012,8.73777346
09/12/2012,9.252633284
10/12/2012,9.266248004
11/12/2012,9.427304872
12/12/2012,8.793005091
13/12/2012,8.703008637
14/12/2012,8.439447843
15/12/2012,8.291045131
16/12/2012,9.313257906
17/12/2012,9.347926035
18/12/2012,8.791486027
19/12/2012,8.518991573
20/12/2012,8.41294317
21/12/2012,8.296795866
22/12/2012,8.212568398
23/12/2012,9.256555796
24/12/2012,9.652265977
25/12/2012,8.637462024
26/12/2012,8.60776489
27/12/2012,8.965334574
28/12/2012,8.683724062
29/12/2012,8.532672762
30/12/2012,9.490166668
31/12/2012,10.14285872
01/01/2013,9.111624399
02/01/2013,9.085003881
03/01/2013,9.055089087
04/01/2013,9.336267929
05/01/2013,9.23960787
06/01/2013,10.13273245
07/01/2013,9.49122439
08/01/2013,9.112286432
09/01/2013,9.063578991
10/01/2013,8.972971113
11/01/2013,9.1454818
12/01/2013,10.54186171
13/01/2013,11.50752089
14/01/2013,10.19316763
15/01/2013,9.279959714
16/01/2013,8.846353043
17/01/2013,8.7326271
18/01/2013,8.655040258
19/01/2013,8.454466362
20/01/2013,8.963672276
21/01/2013,10.02109279
22/01/2013,9.005650499
23/01/2013,8.86092473
24/01/2013,8.585225602
25/01/2013,8.536211197
26/01/2013,8.458504195
27/01/2013,8.534443545
28/01/2013,10.10422188
29/01/2013,8.650674583
30/01/2013,8.51218065
31/01/2013,8.485496105
01/02/2013,8.577911926
02/02/2013,8.549853974
03/02/2013,9.606226414
04/02/2013,10.02619179
05/02/2013,8.870241567
06/02/2013,8.527935288
07/02/2013,8.383433201
08/02/2013,8.200837258
09/02/2013,8.092851028
10/02/2013,8.038834758
11/02/2013,8.086410275
12/02/2013,8.03657341
13/02/2013,7.975220839
14/02/2013,7.842671475
15/02/2013,7.893572074
16/02/2013,7.817625443
17/02/2013,7.82284529
18/02/2013,7.967280179
19/02/2013,8.006700845
20/02/2013,7.911324019
21/02/2013,7.851661178
22/02/2013,7.87207398
23/02/2013,7.753623547
24/02/2013,7.68294317
25/02/2013,7.843848638
26/02/2013,8.191463051
27/02/2013,7.97831097
28/02/2013,7.923348212
01/03/2013,7.871311203
02/03/2013,7.743703258
03/03/2013,7.778630147
04/03/2013,7.835183755
05/03/2013,7.838343316
06/03/2013,7.846198815
07/03/2013,7.920446505
08/03/2013,7.757906208
09/03/2013,7.586296307
10/03/2013,7.51479976
11/03/2013,7.757906208
12/03/2013,7.803435057
13/03/2013,8.078998259
14/03/2013,8.380685947
15/03/2013,8.064321961
16/03/2013,7.852827812
17/03/2013,7.903965634
18/03/2013,7.844632644
19/03/2013,7.889459149
20/03/2013,8.225503098
21/03/2013,8.540714386
22/03/2013,8.019283793
23/03/2013,7.831220215
24/03/2013,8.433159196
25/03/2013,8.096208272
26/03/2013,7.866338923
27/03/2013,7.779048645
28/03/2013,7.773594467
29/03/2013,7.772752716
30/03/2013,7.768110379
31/03/2013,7.480992163
01/04/2013,7.743703258
02/04/2013,7.596392304
03/04/2013,7.680637428
04/04/2013,7.538494999
05/04/2013,7.45007957
06/04/2013,7.443078374
07/04/2013,7.548555979
08/04/2013,7.640603826
09/04/2013,7.676473646
10/04/2013,7.567345676
11/04/2013,8.076826031
12/04/2013,7.701200181
13/04/2013,7.368339686
14/04/2013,7.366445148
15/04/2013,7.486613313
16/04/2013,7.574045005
17/04/2013,7.568895663
18/04/2013,7.639642288
19/04/2013,7.853216388
20/04/2013,7.311886164
21/04/2013,7.536363938
22/04/2013,7.682482447
23/04/2013,7.731930722
24/04/2013,8.012018239
25/04/2013,7.980365765
26/04/2013,8.171316875
27/04/2013,7.977968093
28/04/2013,7.794823152
29/04/2013,8.304247465
30/04/2013,8.056426768
01/05/2013,7.777792626
02/05/2013,8.228977643
03/05/2013,7.900636613
04/05/2013,7.461640392
05/05/2013,7.549082711
06/05/2013,7.816819966
07/05/2013,7.722234745
08/05/2013,7.715569535
09/05/2013,7.726212651
10/05/2013,7.58171964
11/05/2013,7.265429723
12/05/2013,7.301147806
13/05/2013,7.474204806
14/05/2013,7.588829878
15/05/2013,7.61085279
16/05/2013,7.647786045
17/05/2013,7.60190196
18/05/2013,7.254177846
19/05/2013,7.180069874
20/05/2013,7.377133713
21/05/2013,7.5750717
22/05/2013,7.50714108
23/05/2013,7.585788822
24/05/2013,7.40731771
25/05/2013,7.030857476
26/05/2013,7.150701458
27/05/2013,7.254177846
28/05/2013,7.450660796
29/05/2013,7.551186867
30/05/2013,7.61332498
31/05/2013,7.427144133
01/06/2013,7.350516172
02/06/2013,7.288244401
03/06/2013,7.434847875
04/06/2013,7.537430037
05/06/2013,7.3524411
06/06/2013,7.282073658
07/06/2013,7.303170051
08/06/2013,7.293697721
09/06/2013,7.229838778
10/06/2013,7.5750717
11/06/2013,7.974188669
12/06/2013,7.615791072
13/06/2013,7.474204806
14/06/2013,7.33432935
15/06/2013,7.319202459
16/06/2013,7.404887576
17/06/2013,7.424761762
18/06/2013,7.470224136
19/06/2013,7.367708572
20/06/2013,7.284134806
21/06/2013,7.325807503
22/06/2013,7.290974778
23/06/2013,7.19142933
24/06/2013,7.289610521
25/06/2013,7.332369206
26/06/2013,7.395721609
27/06/2013,7.567345676
28/06/2013,7.621195163
29/06/2013,7.268920128
30/06/2013,7.26961675
01/07/2013,7.307872781
02/07/2013,7.281385664
03/07/2013,7.321188557
04/07/2013,7.512071246
05/07/2013,7.500529485
06/07/2013,7.113142109
07/07/2013,7.142036575
08/07/2013,7.323830566
09/07/2013,7.428927195
10/07/2013,7.528869257
11/07/2013,7.419979924
12/07/2013,7.473069088
13/07/2013,7.337587744
14/07/2013,7.35436233
15/07/2013,7.582738489
16/07/2013,7.626082758
17/07/2013,7.759614151
18/07/2013,7.940583827
19/07/2013,7.590852124
20/07/2013,7.418180823
21/07/2013,7.411556288
22/07/2013,7.597897951
24/07/2013,6.635946556
25/07/2013,7.647308832
26/07/2013,7.827639546
27/07/2013,7.63385356
28/07/2013,8.530306831
29/07/2013,8.529516941
30/07/2013,7.851271997
31/07/2013,7.795646536
01/08/2013,7.582229194
02/08/2013,7.438971592
03/08/2013,7.638679824
04/08/2013,7.527255919
05/08/2013,7.724888439
06/08/2013,7.913521017
07/08/2013,8.659560433
08/08/2013,8.295798111
09/08/2013,8.132412675
10/08/2013,7.92551898
11/08/2013,7.828436359
12/08/2013,7.844240718
13/08/2013,7.776954403
14/08/2013,7.766840537
15/08/2013,7.789868559
16/08/2013,7.693937326
17/08/2013,7.715569535
18/08/2013,8.152774053
19/08/2013,8.252967195
20/08/2013,7.941295571
21/08/2013,7.809541325
22/08/2013,7.819234454
23/08/2013,7.812378206
24/08/2013,7.54538975
25/08/2013,8.47428569
26/08/2013,7.791935957
27/08/2013,7.668093709
28/08/2013,7.805474625
29/08/2013,7.967280179
30/08/2013,7.994294986
31/08/2013,7.809541325
01/09/2013,8.703174709
02/09/2013,7.967280179
03/09/2013,8.096208272
04/09/2013,8.037866235
05/09/2013,8.580167991
06/09/2013,10.87185827
07/09/2013,9.192481854
08/09/2013,9.150696519
09/09/2013,9.823198981
10/09/2013,8.768885326
11/09/2013,8.508555998
12/09/2013,8.72972059
13/09/2013,8.921457579
14/09/2013,8.529911964
15/09/2013,10.41598178
16/09/2013,10.33698927
17/09/2013,9.146441646
18/09/2013,8.508757713
19/09/2013,8.386172929
20/09/2013,8.361007108
21/09/2013,8.129764446
22/09/2013,8.731981938
23/09/2013,8.735846677
24/09/2013,10.81969828
25/09/2013,10.65909297
26/09/2013,9.849453664
27/09/2013,8.888204871
28/09/2013,8.927712174
29/09/2013,9.6673854
30/09/2013,10.16350291
01/10/2013,9.337941717
02/10/2013,9.177197153
03/10/2013,8.879054662
04/10/2013,8.578664514
05/10/2013,8.730043953
06/10/2013,9.953324787
07/10/2013,10.23874477
08/10/2013,9.203114327
09/10/2013,8.747193184
10/10/2013,8.775549434
11/10/2013,9.209840247
12/10/2013,8.528133131
13/10/2013,9.057655284
14/10/2013,9.422948621
15/10/2013,9.029178143
16/10/2013,9.097731428
17/10/2013,9.448096636
18/10/2013,9.112507012
19/10/2013,8.80267284
20/10/2013,9.208438565
21/10/2013,11.04708914
22/10/2013,9.327589932
23/10/2013,8.678801707
24/10/2013,8.576593535
25/10/2013,8.435983136
26/10/2013,8.19007705
27/10/2013,9.060447282
28/10/2013,9.270305953
29/10/2013,8.50167338
30/10/2013,8.18729927
31/10/2013,8.095903533
01/11/2013,8.04334217
02/11/2013,7.952615112
03/11/2013,8.399085103
04/11/2013,8.791029857
05/11/2013,8.303009381
06/11/2013,8.119100838
07/11/2013,8.230310799
08/11/2013,8.157657015
09/11/2013,7.829232538
10/11/2013,8.573951525
11/11/2013,9.611328808
12/11/2013,8.92385758
13/11/2013,8.365439636
14/11/2013,8.311889558
15/11/2013,8.631414336
16/11/2013,8.453827316
17/11/2013,8.905851181
18/11/2013,10.86748214
19/11/2013,9.155144737
20/11/2013,8.439447843
21/11/2013,8.443546651
22/11/2013,8.572627898
23/11/2013,8.372398607
24/11/2013,8.736007385
25/11/2013,10.38850294
26/11/2013,8.708804795
27/11/2013,8.195333667
28/11/2013,8.221478947
29/11/2013,8.27512163
30/11/2013,8.169902647
01/12/2013,8.822322177
02/12/2013,9.805433612
03/12/2013,9.38907216
04/12/2013,8.981304495
05/12/2013,8.579228582
06/12/2013,8.487764381
07/12/2013,8.721928343
08/12/2013,8.918248591
09/12/2013,9.651622973
10/12/2013,8.864746661
11/12/2013,8.509362612
12/12/2013,8.631771096
13/12/2013,9.202711345
14/12/2013,8.903815212
15/12/2013,9.026537719
16/12/2013,9.237663668
17/12/2013,8.895081532
18/12/2013,8.642944397
19/12/2013,8.129764446
20/12/2013,8.291797105
21/12/2013,8.098034756
22/12/2013,9.518780498
23/12/2013,9.904686833
24/12/2013,8.937349848
25/12/2013,8.578852572
26/12/2013,8.715880102
27/12/2013,8.488999457
28/12/2013,8.505727713
29/12/2013,9.300089664
30/12/2013,10.14615918
31/12/2013,9.177093778
01/01/2014,8.835646923
02/01/2014,8.83287946
03/01/2014,8.92305822
04/01/2014,8.893298144
05/01/2014,8.602636673
07/01/2014,8.991437815
08/01/2014,8.806873267
09/01/2014,8.854093908
10/01/2014,8.931023216
11/01/2014,8.852807918
12/01/2014,10.69330762
13/01/2014,11.30756044
14/01/2014,9.837454582
15/01/2014,9.605081517
16/01/2014,9.745370684
17/01/2014,9.67564548
18/01/2014,9.434683204
19/01/2014,11.50362232
20/01/2014,11.97677897
21/01/2014,10.54257446
22/01/2014,10.00428266
23/01/2014,9.732817848
24/01/2014,9.866460432
25/01/2014,9.370927437
26/01/2014,9.490544555
27/01/2014,10.13915238
28/01/2014,9.999842641
29/01/2014,10.03271595
30/01/2014,10.38037369
31/01/2014,10.453053
01/02/2014,10.24013834
02/02/2014,11.76051965
03/02/2014,12.84674689
04/02/2014,10.76688371
05/02/2014,9.845222644
06/02/2014,9.29035231
07/02/2014,9.103311799
08/02/2014,8.795733606
09/02/2014,8.623353387
10/02/2014,8.418256444
11/02/2014,8.310906757
12/02/2014,8.236155662
13/02/2014,8.13123655
14/02/2014,7.927685046
15/02/2014,7.759187439
16/02/2014,7.726653665
17/02/2014,7.835183755
18/02/2014,7.884199934
19/02/2014,7.914617709
20/02/2014,7.92551898
21/02/2014,7.75319427
22/02/2014,7.508787171
23/02/2014,7.557472902
24/02/2014,7.802618063
25/02/2014,7.68386398
26/02/2014,7.984462732
27/02/2014,7.851661178
28/02/2014,7.684783944
01/03/2014,7.337587744
02/03/2014,7.40367029
03/03/2014,7.86787149
04/03/2014,7.898411093
05/03/2014,7.584264818
06/03/2014,7.714231145
07/03/2014,7.889459149
08/03/2014,7.325807503
09/03/2014,7.488852956
10/03/2014,7.553810852
11/03/2014,7.669961995
12/03/2014,7.988203597
13/03/2014,8.004365565
14/03/2014,7.651120176
15/03/2014,7.486613313
16/03/2014,7.449498005
17/03/2014,7.595387279
18/03/2014,7.609862201
19/03/2014,7.54802897
20/03/2014,7.617759577
21/03/2014,7.595387279
22/03/2014,7.346655163
23/03/2014,7.401231264
24/03/2014,8.093156698
25/03/2014,7.923710334
26/03/2014,7.690743164
27/03/2014,8.43901541
28/03/2014,7.782390336
29/03/2014,7.308542798
30/03/2014,7.261927093
31/03/2014,7.437206367
01/04/2014,7.54009032
02/04/2014,7.585281079
03/04/2014,7.608870629
04/04/2014,7.464509835
05/04/2014,7.156956365
06/04/2014,7.487733761
07/04/2014,7.448916103
08/04/2014,7.470224136
09/04/2014,7.436027816
10/04/2014,7.521859252
11/04/2014,7.410347098
12/04/2014,7.156176637
13/04/2014,7.138073034
14/04/2014,7.36264527
15/04/2014,7.516977225
16/04/2014,7.617267814
17/04/2014,7.495541944
18/04/2014,7.392031568
19/04/2014,7.17472431
20/04/2014,8.091321274
21/04/2014,7.515344571
22/04/2014,7.845807503
23/04/2014,7.691200098
24/04/2014,7.834788107
25/04/2014,7.677400431
26/04/2014,7.248504072
27/04/2014,7.402451521
28/04/2014,7.694392803
29/04/2014,7.826044014
30/04/2014,7.6118424
01/05/2014,7.513709248
02/05/2014,7.676009932
03/05/2014,7.240649694
04/05/2014,7.655390645
05/05/2014,8.139440522
06/05/2014,8.374938144
07/05/2014,7.901747519
08/05/2014,8.023879993
09/05/2014,8.750207863
10/05/2014,8.081784207
11/05/2014,7.704361168
12/05/2014,7.868254266
13/05/2014,7.819636302
14/05/2014,7.760893196
15/05/2014,7.667158255
16/05/2014,7.634337236
17/05/2014,7.351158226
18/05/2014,7.589335823
19/05/2014,7.910223707
20/05/2014,7.854769183
21/05/2014,7.646831391
22/05/2014,7.491645474
23/05/2014,7.523481313
24/05/2014,7.035268599
25/05/2014,7.065613364
26/05/2014,7.229838778
27/05/2014,7.508238775
28/05/2014,8.311643949
29/05/2014,8.014004995
30/05/2014,7.497207223
31/05/2014,7.831617276
01/06/2014,7.151485464
02/06/2014,7.410951876
03/06/2014,7.630946581
04/06/2014,7.475905969
05/06/2014,7.588323677
06/06/2014,7.24636808
07/06/2014,7.103322063
08/06/2014,7.104144093
09/06/2014,7.192934221
10/06/2014,7.401231264
11/06/2014,7.439559309
12/06/2014,7.707961532
13/06/2014,7.350516172
14/06/2014,7.322510434
15/06/2014,7.285506549
16/06/2014,7.367708572
17/06/2014,7.267525428
18/06/2014,7.224753406
19/06/2014,7.222566019
20/06/2014,7.351799869
21/06/2014,6.975413927
22/06/2014,7.043159916
23/06/2014,7.480992163
24/06/2014,7.203405521
25/06/2014,7.224024808
26/06/2014,7.113142109
27/06/2014,7.079184395
28/06/2014,6.88550967
29/06/2014,6.874198495
30/06/2014,7.723120092
01/07/2014,7.496652438
02/07/2014,7.224024808
03/07/2014,7.272398393
04/07/2014,7.079184395
05/07/2014,6.854354502
06/07/2014,6.930494766
07/07/2014,7.156176637
08/07/2014,7.314552832
09/07/2014,7.226936018
10/07/2014,7.656810091
11/07/2014,7.54009032
12/07/2014,7.210079628
13/07/2014,7.249925537
14/07/2014,7.294377299
15/07/2014,7.519149958
16/07/2014,7.422373701
17/07/2014,8.223627176
18/07/2014,7.492760301
19/07/2014,7.224753406
20/07/2014,7.25629724
21/07/2014,7.448916103
22/07/2014,7.655390645
23/07/2014,7.671360923
24/07/2014,7.924072325
25/07/2014,7.800982071
26/07/2014,7.456454555
27/07/2014,7.36264527
28/07/2014,8.213110698
29/07/2014,8.236420527
30/07/2014,7.921535632
31/07/2014,7.745002804
01/08/2014,7.578145472
02/08/2014,7.566828479
03/08/2014,7.658227526
04/08/2014,8.270781013
05/08/2014,7.803026644
06/08/2014,7.622663951
07/08/2014,7.700295203
08/08/2014,8.058643712
09/08/2014,7.641084249
10/08/2014,7.836369761
11/08/2014,8.373553741
12/08/2014,8.609407675
13/08/2014,8.177234886
14/08/2014,8.036896773
15/08/2014,7.953318347
16/08/2014,7.784889296
17/08/2014,8.073714641
18/08/2014,8.280457687
19/08/2014,8.199189359
20/08/2014,8.000349495
21/08/2014,7.887208586
22/08/2014,7.83715965
23/08/2014,7.979681302
24/08/2014,8.518392472
25/08/2014,8.356319966
26/08/2014,7.932362154
27/08/2014,7.836764783
29/08/2014,8.537191878
30/08/2014,8.026496939
31/08/2014,7.972810784
01/09/2014,8.374476889
02/09/2014,8.253227646
03/09/2014,8.445911989
04/09/2014,8.49269556
05/09/2014,8.839131753
06/09/2014,8.07589363
07/09/2014,8.750207863
08/09/2014,10.70241266
09/09/2014,10.05997835
10/09/2014,8.793156871
11/09/2014,8.714403361
12/09/2014,9.056256357
13/09/2014,8.621553207
14/09/2014,9.961426217
15/09/2014,9.70856696
16/09/2014,9.196444267
17/09/2014,8.614319902
18/09/2014,8.889032572
19/09/2014,9.016270068
20/09/2014,8.199189359
21/09/2014,9.162199997
22/09/2014,9.607504455
23/09/2014,8.442900587
24/09/2014,8.157370441
25/09/2014,8.184513753
26/09/2014,8.838986793
27/09/2014,8.212839585
28/09/2014,8.336150816
29/09/2014,8.590443653
30/09/2014,8.701346403
01/10/2014,8.266421473
02/10/2014,8.274611946
03/10/2014,8.366370302
04/10/2014,8.035278911
05/10/2014,9.231514607
06/10/2014,9.964676721
07/10/2014,8.845489237
08/10/2014,8.672999643
09/10/2014,8.400659375
10/10/2014,8.580355766
11/10/2014,8.02059915
12/10/2014,9.107532152
13/10/2014,9.438352055
14/10/2014,8.501267041
15/10/2014,8.313361951
16/10/2014,8.325548307
17/10/2014,8.476371197
18/10/2014,8.201111644
19/10/2014,8.700514249
20/10/2014,11.27446521
21/10/2014,9.607571675
22/10/2014,8.878636747
23/10/2014,8.765926514
24/10/2014,9.856395945
25/10/2014,8.434246271
26/10/2014,8.803424212
27/10/2014,9.381769488
28/10/2014,8.76029622
29/10/2014,8.555066844
30/10/2014,8.46884293
31/10/2014,8.531293316
01/11/2014,8.045588281
02/11/2014,9.090204571
03/11/2014,9.454148924
04/11/2014,9.059052258
05/11/2014,8.259458195
06/11/2014,8.189522111
07/11/2014,8.195333667
08/11/2014,7.693937326
09/11/2014,8.290041619
10/11/2014,9.032886947
11/11/2014,8.382747095
12/11/2014,8.217978203
13/11/2014,8.12474302
14/11/2014,8.046869511
15/11/2014,7.573017256
16/11/2014,8.398634855
17/11/2014,8.711443319
18/11/2014,8.251142139
19/11/2014,7.992268643
20/11/2014,8.005367067
21/11/2014,8.08085642
22/11/2014,7.528331767
23/11/2014,8.202482447
24/11/2014,9.074406095
25/11/2014,8.214735833
26/11/2014,7.96797318
27/11/2014,8.128290172
28/11/2014,7.953669779
29/11/2014,7.6666902
30/11/2014,7.965545573
01/12/2014,9.142168592
02/12/2014,8.287025025
03/12/2014,8.283241441
04/12/2014,8.301025254
05/12/2014,8.387995253
06/12/2014,7.709756864
07/12/2014,8.111027838
08/12/2014,8.745602852
09/12/2014,8.391403185
10/12/2014,8.119696253
11/12/2014,8.235890726
12/12/2014,8.106816039
13/12/2014,7.711996507
14/12/2014,8.425297177
15/12/2014,8.849370504
16/12/2014,8.493105396
17/12/2014,8.174139343
18/12/2014,8.102283624
19/12/2014,7.833600224
20/12/2014,7.522940918
21/12/2014,7.910223707
22/12/2014,8.365439636
23/12/2014,9.060563447
24/12/2014,8.179199798
25/12/2014,8.016317899
26/12/2014,8.103191752
27/12/2014,7.814399634
28/12/2014,8.387995253
29/12/2014,8.74814617
30/12/2014,8.312871394
31/12/2014,7.923348212
01/01/2015,7.846589975
02/01/2015,8.30201781
03/01/2015,8.436200032
04/01/2015,8.93458687
05/01/2015,8.888618807
06/01/2015,8.664232934
07/01/2015,8.500047033
08/01/2015,8.418256444
09/01/2015,8.472195825
10/01/2015,8.307212627
11/01/2015,9.886595685
12/01/2015,10.69498574
13/01/2015,9.760194383
14/01/2015,9.11007795
15/01/2015,8.799510901
16/01/2015,8.783089672
17/01/2015,8.429890863
18/01/2015,8.878776072
19/01/2015,9.759386209
20/01/2015,8.952087644
21/01/2015,8.66112036
22/01/2015,8.58485184
23/01/2015,8.396606228
24/01/2015,7.923710334
25/01/2015,8.085486772
26/01/2015,8.358900612
27/01/2015,8.303504799
28/01/2015,8.277920258
29/01/2015,8.363575703
30/01/2015,8.59822003
31/01/2015,8.081165778
01/02/2015,9.034438167
02/02/2015,10.28322451
03/02/2015,9.27322127
04/02/2015,8.7140749
06/02/2015,8.23350314
07/02/2015,7.884199934
08/02/2015,7.812782819
09/02/2015,7.931284762
10/02/2015,8.414495793
11/02/2015,8.156510226
12/02/2015,7.857093865
13/02/2015,7.909856667
14/02/2015,7.809135398
15/02/2015,7.507690078
16/02/2015,8.203851372
17/02/2015,7.821643126
18/02/2015,7.803843304
19/02/2015,7.760893196
20/02/2015,7.703459048
21/02/2015,8.06117136
22/02/2015,7.350516172
23/02/2015,7.483806688
24/02/2015,7.540621529
25/02/2015,7.696667082
26/02/2015,7.503840747
27/02/2015,7.398174093
28/02/2015,7.042286172
01/03/2015,7.052721049
02/03/2015,7.36264527
03/03/2015,7.623153068
04/03/2015,7.795234929
05/03/2015,8.426830751
06/03/2015,7.916807491
07/03/2015,7.236339343
08/03/2015,7.206377291
09/03/2015,7.556427969
10/03/2015,7.582738489
11/03/2015,7.68294317
12/03/2015,7.606884531
13/03/2015,7.703459048
14/03/2015,7.151485464
15/03/2015,7.04053639
16/03/2015,7.338888134
17/03/2015,7.484368643
18/03/2015,7.351799869
19/03/2015,7.423568444
20/03/2015,7.291656209
21/03/2015,6.816735881
22/03/2015,6.910750788
23/03/2015,7.321188557
24/03/2015,7.991592282
25/03/2015,7.712890961
26/03/2015,7.28276118
27/03/2015,7.305860033
28/03/2015,6.905753276
29/03/2015,7.873217055
30/03/2015,7.085901464
31/03/2015,7.271008538
01/04/2015,7.213768308
02/04/2015,7.166265974
03/04/2015,7.21303166
04/04/2015,6.829793738
05/04/2015,6.801283034
06/04/2015,7.157735484
07/04/2015,7.045776577
08/04/2015,7.091742115
09/04/2015,7.23417718
10/04/2015,7.280008253
11/04/2015,6.697034248
12/04/2015,7.028201432
13/04/2015,7.17472431
14/04/2015,7.22329568
15/04/2015,7.336936914
16/04/2015,7.362010551
17/04/2015,7.263329617
18/04/2015,6.811244379
19/04/2015,7.318539549
20/04/2015,7.640123173
21/04/2015,7.405495663
22/04/2015,7.572502985
23/04/2015,7.485491608
24/04/2015,7.333023014
25/04/2015,7.205635176
26/04/2015,7.090909822
27/04/2015,7.326465614
28/04/2015,7.355641103
29/04/2015,7.463363046
30/04/2015,7.567345676
01/05/2015,7.749753406
02/05/2015,7.14440718
03/05/2015,6.899723107
04/05/2015,7.331060305
05/05/2015,7.221105098
06/05/2015,7.737616283
07/05/2015,7.363279587
08/05/2015,7.290974778
09/05/2015,7.038783541
10/05/2015,6.932447892
11/05/2015,7.305860033
12/05/2015,7.686162303
13/05/2015,7.479299638
14/05/2015,7.26961675
15/05/2015,7.309212366
16/05/2015,6.74051936
17/05/2015,6.805722553
18/05/2015,7.142827401
19/05/2015,7.18690102
20/05/2015,7.140453043
21/05/2015,8.761550139
22/05/2015,8.279443488
23/05/2015,7.437206367
24/05/2015,7.160069208
25/05/2015,7.041411664
26/05/2015,7.17472431
27/05/2015,7.412764017
28/05/2015,7.25629724
29/05/2015,7.284820913
30/05/2015,6.726233402
31/05/2015,6.932447892
01/06/2015,7.074116816
02/06/2015,7.202661197
03/06/2015,7.164720379
04/06/2015,7.067319849
05/06/2015,6.906754779
06/06/2015,6.677083461
07/06/2015,6.517671273
08/06/2015,7.043159916
09/06/2015,7.043159916
10/06/2015,6.91770561
11/06/2015,7.057897937
12/06/2015,6.855408799
13/06/2015,6.643789733
14/06/2015,6.525029658
15/06/2015,6.89060912
16/06/2015,6.926577033
17/06/2015,7.00488199
18/06/2015,6.873163834
19/06/2015,6.89060912
20/06/2015,6.442540166
21/06/2015,6.835184586
22/06/2015,7.272398393
23/06/2015,7.077498054
24/06/2015,7.344072851
25/06/2015,7.291656209
26/06/2015,7.271703707
27/06/2015,7.454719949
28/06/2015,6.692083743
29/06/2015,6.963189986
30/06/2015,7.016609684
01/07/2015,6.791221463
02/07/2015,6.820016365
03/07/2015,6.618738984
04/07/2015,6.473890696
05/07/2015,6.499787041
06/07/2015,6.859614904
07/07/2015,6.881411304
08/07/2015,6.997595983
09/07/2015,7.152268856
10/07/2015,7.196686571
11/07/2015,6.708084084
12/07/2015,6.982862751
13/07/2015,7.128495946
14/07/2015,7.089243155
15/07/2015,7.198931241
16/07/2015,8.090708716
17/07/2015,7.39387829
18/07/2015,7.05012252
19/07/2015,7.19518732
20/07/2015,7.44132039
21/07/2015,7.417580402
22/07/2015,7.474204806
23/07/2015,7.392647521
24/07/2015,7.185387016
25/07/2015,6.864847778
26/07/2015,6.834108739
27/07/2015,7.28756064
28/07/2015,7.224024808
29/07/2015,7.244227516
30/07/2015,7.306531399
31/07/2015,7.317212408
01/08/2015,6.958448393
02/08/2015,6.825460036
03/08/2015,7.181591945
04/08/2015,7.276556403
05/08/2015,7.271008538
06/08/2015,7.824445931
07/08/2015,7.419380583
08/08/2015,7.007600614
09/08/2015,7.073269717
10/08/2015,7.265429723
11/08/2015,7.602401336
12/08/2015,7.557472902
13/08/2015,7.582229194
14/08/2015,7.289610521
15/08/2015,7.330405212
16/08/2015,7.221105098
17/08/2015,7.431299675
18/08/2015,7.750184162
19/08/2015,7.629975707
20/08/2015,7.730614066
21/08/2015,7.824046011
22/08/2015,7.22620901
23/08/2015,7.477038472
24/08/2015,7.863266724
25/08/2015,7.9490915
26/08/2015,7.769800996
27/08/2015,7.579678823
28/08/2015,7.549082711
29/08/2015,7.291656209
30/08/2015,7.789868559
31/08/2015,7.656810091
01/09/2015,7.534762657
02/09/2015,7.665284718
03/09/2015,8.06652149
04/09/2015,8.149312844
05/09/2015,7.725330038
06/09/2015,7.717351272
07/09/2015,7.677863501
08/09/2015,7.895063498
09/09/2015,8.079927771
10/09/2015,8.193400232
11/09/2015,8.665095821
12/09/2015,7.844632644
13/09/2015,8.779095811
14/09/2015,9.058703197
15/09/2015,8.421783007
16/09/2015,8.072155308
17/09/2015,8.40469616
18/09/2015,9.721845765
19/09/2015,8.114025442
20/09/2015,8.430763463
21/09/2015,8.548885638
22/09/2015,8.322880022
23/09/2015,8.00836557
24/09/2015,8.119993828
25/09/2015,8.58260633
26/09/2015,7.609862201
27/09/2015,8.412054873
28/09/2015,9.541010092
29/09/2015,8.559486104
30/09/2015,8.144388866
01/10/2015,7.99125393
02/10/2015,7.885329239
03/10/2015,7.459914766
04/10/2015,8.375168691
05/10/2015,8.726805608
06/10/2015,8.075271546
07/10/2015,7.800572655
08/10/2015,7.749753406
09/10/2015,7.919719761
10/10/2015,7.356279877
11/10/2015,8.173011312
13/10/2015,8.261009786
14/10/2015,7.846589975
15/10/2015,7.740229525
16/10/2015,7.830425618
17/10/2015,7.361375429
18/10/2015,8.298788394
19/10/2015,8.741775707
20/10/2015,8.39705739
21/10/2015,7.778211475
22/10/2015,7.933796875
23/10/2015,7.860185057
24/10/2015,7.942362238
25/10/2015,8.198089249
26/10/2015,8.429017501
27/10/2015,8.056743775
28/10/2015,7.811163385
29/10/2015,7.786551806
30/10/2015,8.108623268
31/10/2015,7.621195163
01/11/2015,8.092851028
02/11/2015,9.392245175
03/11/2015,8.453187861
04/11/2015,8.094378445
05/11/2015,7.99125393
06/11/2015,8.328209492
07/11/2015,7.641084249
08/11/2015,8.486321528
09/11/2015,9.16356318
10/11/2015,8.188411308
11/11/2015,7.826443135
12/11/2015,7.960672608
13/11/2015,7.672292456
14/11/2015,7.163172391
15/11/2015,7.902117546
16/11/2015,9.634300063
17/11/2015,8.848222068
18/11/2015,8.383204551
19/11/2015,8.164510269
20/11/2015,8.052933037
21/11/2015,7.56112159
22/11/2015,8.256347773
23/11/2015,8.672828483
24/11/2015,8.30647216
25/11/2015,8.058960018
26/11/2015,7.87245515
27/11/2015,8.195333667
28/11/2015,7.591357047
29/11/2015,8.021584533
30/11/2015,12.14967159
01/12/2015,11.5230441
02/12/2015,8.711772646
03/12/2015,8.05610966
04/12/2015,8.08147504
05/12/2015,7.458762692
06/12/2015,8.014004995
07/12/2015,8.496786382
08/12/2015,7.98104976
09/12/2015,7.777792626
10/12/2015,8.260234292
11/12/2015,7.866338923
12/12/2015,7.310550159
13/12/2015,7.718240952
14/12/2015,8.319473692
15/12/2015,8.236685323
16/12/2015,7.807510042
17/12/2015,7.591861715
18/12/2015,7.528869257
19/12/2015,7.171656823
20/12/2015,7.891330758
21/12/2015,8.360071436
22/12/2015,8.110427238
23/12/2015,7.775275846
24/12/2015,7.347299701
25/12/2015,7.301822342
26/12/2015,7.120444372
27/12/2015,8.878776072
28/12/2015,9.250618218
29/12/2015,9.247925132
30/12/2015,8.391403185
31/12/2015,8.004699511
01/01/2016,7.589335823
02/01/2016,7.825245291
03/01/2016,8.249313746
04/01/2016,9.295140974
05/01/2016,8.568266462
06/01/2016,8.352554369
07/01/2016,8.295798111
08/01/2016,8.290292591
09/01/2016,7.785720897
10/01/2016,8.28172399
11/01/2016,8.470730317
12/01/2016,8.135053909
13/01/2016,8.06714904
14/01/2016,8.023552392
15/01/2016,8.021912779
16/01/2016,7.817222786
17/01/2016,9.273878393
18/01/2016,10.33377535
19/01/2016,9.125871215
20/01/2016,8.891374009